file_name,transcribed_text,phrase
1249120_44415714_12774994.wav,You're basically...,I read a book for along time and when I finished reading I feel head ache
1249120_44323331_89529293.wav,My hair is healing out in hog amount.,My hair is falling out in huge amount
1249120_44263136_64809479.wav,My foot is hurting so much.,My foot is hurting so much.
1249120_44259428_83019694.wav,I feel very in the lower ground.,I feel pain in the lower back
1249120_44259428_45992221.wav,I feel very much.,i feel pain in my stomach
1249120_44273314_28827187.wav,"My child has scuff all night, she can't sleep.","my child has cough all night, she can't sleep"
1249120_44294866_20041027.wav,I am disappointed.,i'm disappointed
1249120_44294866_98831261.wav,I feel it easy when he said in front of my laptop for an hour or two. What possibly could be the reason?,"I feel dizzy when I set in-front of my laptop for an hour or two, what possibly could be the reason?"
1249120_44263136_42546148.wav,I feel pain inside and I can't identify it.,I feel pain inside and I can not identify it
1249120_44323331_89173398.wav,I have an indication.,I have an indigestion
1249120_44323331_27898617.wav,I feel the way I stand up,I feel dizzy whenever I stand up.
1249120_44259428_102515958.wav,"When I was drunk, I had an injury from a sport in my neck.",When I was young I had an injury from sports in my knee.
1249120_44259428_108958575.wav,"I'm feeling cold, so I'm going to eat high.",I m feeling cold though the temperature is high
1249120_44259428_17428469.wav,I feel my neck where I climb the stairs.,I feel pain in my knee when I climb the stairs.
1249120_44259428_19293556.wav,My business is taking action after I won't ring.,My biceps started aching after I went to the gym
1249120_44259428_38940948.wav,I think so. Also we are in Selma.,I feel cold although we are in summer.
1249120_44259428_39681967.wav,Granny uses a fire for reggae on St. Francis's ground.,Chronic disease of hair follicles and sebaceous glands
1249120_44259428_46527054.wav,I have not leaked off my soul that will not heal.,I have a split on my thumb that will not heal.
1249120_44259428_50914735.wav,I feel like I'm going to stand up.,I feel lightheaded when I stand up
1249120_44259428_53172278.wav,I have a motivation since I woke up this morning. What could be the reason?,"I have a blurry vision since I woke up this morning, what could be the reason?"
1249120_44259428_58867514.wav,I took a long swing by it's influence the same skin problem.,I tried alot of cream but i still feel the same skin problem
1249120_44259428_59884279.wav,I have applied efficient duty machine training in the pool.,"I have a blurry vision during my swimming training in the pool, why?"
1249120_44259428_71308387.wav,"I am a nurse early, or a doctor, an angel or a child.","Annoyance starts suddenly, often after an injury or exercise."
1249120_44259428_75102963.wav,"I put my hand, I put my hand, I put my hand, I put my hand, I put my hand, I put my hand, I put my hand, I put my hand, I put my hand, I put my hand, I put my hand, I put my hand, I put my hand, I put my hand, I put my hand, I put my hand, I put my hand, I put my hand, I put my hand, I put my hand, I put my hand, I put my hand, I put my hand, I put my hand, I put my hand, I put my hand, I put my hand, I put my hand, I put my hand, I put my hand, I put my hand, I put my hand, I put my hand, I put my hand, I put my hand, I put my hand, I put my hand, I put my hand, I put my hand, I put my hand, I put my hand, I put my hand, I put my hand, I put my hand, I put my hand, I put my hand, I put my hand, I put my hand, I put my hand, I put my hand, I put my hand, I put my hand, I put my hand, I put my hand, I put my hand, I put my hand, I put my hand, I put my hand, I put my hand, I put my hand, I put my hand, I put my hand, I put my hand, I put my hand, I put my hand, I put my hand, I put my hand, I put my hand, I put my hand, I put my hand, I put my hand, I put my hand, I put my hand, I put my hand, I put my hand, I put my hand, I put my hand, I put my hand, I put my hand, I put my hand, I put my hand, I put my hand, I put my hand, I put my hand, I put my hand, I put my hand, I put my hand, I put my hand, I put my hand, I",I cut my hand a couple of days ago and although I didn't think I needed it stitches it hasn't closed up.
1249120_44259428_77483299.wav,I have a preparation in winter or when it should go wide.,"I have a foot ache in winter, or when it feels cold, why?"
1249120_44259428_82428785.wav,"The last one looking and wrong my neck, my glist. The wrong is so wide.",glass broken and wound my leg badly the wound is so wide
1249120_44263136_107507771.wav,My son had a root canal and the dentist accidentally cut the inside of this cheek and now he will not heal.,My son had a root canal and the dentist accidentally cut the inside of his cheek and now it will not heal.
1249120_44263136_13332887.wav,My knee touches and hurts when I first turn up after seeding.,My knee catches and hurts when I first stand up after sitting.
1249120_44263136_27728779.wav,I have a heart brain in my stomach.,i have a hard pain in my stomach
1249120_44263136_34906231.wav,I have severe dry cough.,i have severe dry cough
1249120_44263136_47696189.wav,The worst headache was during the hangover in my 20s. I sincerely thought I was going to die from a brain formation.,The worst headache was during a hangover in my twenties: I sincerely thought I was going to die from brain inflammation.
1249120_44263136_83669979.wav,I hardly have enough strain to get up.,"I hardly have enough stength to get up,"
1249120_44263136_87409253.wav,Stereo lags are for the eye.,Sterilizer for the eye
1249120_44263136_94477614.wav,My shoulder aches when I try to lift 5 pounds.,My shoulder aches when I try to lift five pounds.
1249120_44273314_93618448.wav,I have a hot pain in my stomach.,i have a hard pain in my stomach
1249120_44294866_102078306.wav,I should have been in my kneecop after working out.,I have shooting pain in my kneecap after working out.
1249120_44294866_103485284.wav,My daughter had her age brown 3D and it bullets on openings of skin in one of her browns that is no dirty and easy.,My daughter had her eyebrows threaded and it pulled an opening of skin in one of her brows that is now puffy and oozing.
1249120_44294866_15891095.wav,I have shorter pain when I try to carry my groceries.,I have shoulder pain when I try to carry my groceries.
1249120_44294866_23003547.wav,I feel weak all over.,I feel weak all over.
1249120_44294866_30296550.wav,The crush and sensation of my heart leave me rattle us.,The crushing sensation on my heart leaves me breathless.
1249120_44294866_53414183.wav,I'm not God. I am feeling so cold.,I'm not good i'm feeling so cold
1249120_44294866_72495478.wav,my head hurts when I'm doing this.,My head hurts when I'm doing this.
1249120_44294866_73599319.wav,"When I force my eyes to be, I have really been so.",When I force my eyes to view I have blurry vision.
1249120_44294866_90929031.wav,It is like a half a needle it push and throw my arm.,It is like I have a needle pushing through my heart.
1249120_44294866_96337692.wav,"When I bend over, I get to shoot and bang down my back.",When I bend over I get a shooting pain down my back
1249120_44323331_16235297.wav,"When I play football, I have joined it.",When I play football I have joint pain.
1249120_44323331_17693815.wav,I cannot bark because of the torch.,i can't breath because of  Cough
1249120_44323331_24602215.wav,There is pain in my head. I cannot bear pain.,There is pain in my joints. I can not bear pain
1249120_44323331_25847807.wav,My right shoulder clicks when I move my arm.,My right shoulder clicks when I move my arm.
1249120_44323331_42291661.wav,I have a strong salami,i have a strong shoulder pain
1249120_44323331_53313006.wav,"broke my ankle, wheel docking rock claiming in the operating",I broke my ankle while doing rock climbing in the Carpathians.
1249120_44323331_61837950.wav,I have been feeling very sad lately.,I've been feeling very sad lately
1249120_44323331_63502960.wav,like they are in and needles streaking in my germs.,Feels like there are pins and needles sticking in my joints
1249120_44323331_81893062.wav,I feel pain in my ears with tinnitus,I feel pain in my ears with tinnitus
1249120_44323331_95219530.wav,I feel pain in my knee,i feel pain in my knee
1249120_44323331_95484507.wav,"My son had you low up, that's me.",My son has a lot of acne.
1249120_44323331_95561004.wav,Oh and I go to sleep. I am feeling cold.,When I go to sleep I am feeling cold
1249120_44442354_52494335.wav,I can help and govern the cup of my angle.,I can't get a girlfriend because of my acne.
1249120_44259428_100658896.wav,I hop up and let it get in my head.,I have a dull ache in my head
1249120_44259428_103086666.wav,I can't get anything. I have a pain in my shoulder.,I can't carry anything I have a pain in my shoulder
1249120_44259428_106881229.wav,"I will be willing, but now I get chara free after going on a short way.",I walk every day but now I get short of breath after going only a short way.
1249120_44259428_107372342.wav,I feel head and age.,i feel head ache
1249120_44259428_17570271.wav,"I travelled by plane of Egois, and this time he landed my ever-mind club and pencil.",I travelled by plane a few days ago and this time during landing my ears remained clogged and painful.
1249120_44259428_26033114.wav,His infected lung was my animal to drop.,His infected wound was beginning to rot.
1249120_44259428_28102523.wav,I have a open wand in my arm.,I have an open wound in my arm
1249120_44259428_31222743.wav,My wife feels free and I try to make you feel love when you feel pain.,My body feels weak and I tried to make it relax but it stills pain me
1249120_44259428_34993210.wav,I feel very weak in my body.,I feel very weak in my body
1249120_44259428_45195927.wav,I have trouble in my shoulder.,I have throbing in my shoulder
1249120_44259428_49203869.wav,I feel depressed when I see my hair funny now.,I feel depressed when I see my hair falling out
1249120_44259428_51361064.wav,You need to have to breathe when I use the ground weather station. Why?,"It is hard to breath when I am in the underground metro station, why?"
1249120_44259428_54047497.wav,I am having to help the noise because the birds are all frozen.,I'm having a hard time reading because the letters are all fuzzy
1249120_44259428_54344716.wav,I feel that she took emotional pain as I broke with my carefree.,I feel a huge emotional pain after I broke up with my girlfriend.
1249120_44259428_61618701.wav,My head good passes when I try to get up.,My head gets dizzy when I try to get up.
1249120_44259428_86445054.wav,My son Hrak is a big person. And he is solving and his clean side of his leg is ready. And he looks this right there.,My son had his lip pierced and it is swollen and the skin inside on his lip is grey and looks infected.
1249120_44259428_95841310.wav,I could not exercise because of my pain.,I could not exercise because of my knee pain
1249120_44259428_96688403.wav,I have difficulty increasing in quality prices.,I have difficulty in breathing in crowded places.
1249120_44263136_103802215.wav,"My child has cough all night, she can sleep.","my child has cough all night, she can't sleep"
1249120_44263136_106922287.wav,I have a back pain since I turned 70 years old.,I have a back pain since I turned 70 years old.
1249120_44263136_107482610.wav,I feel like something is squeezing my lungs.,I feel like something is squeezing my lungs.
1249120_44263136_12662866.wav,I feel pain in the knee.,I feel pain in the knee
1249120_44263136_13651055.wav,My ankle joint ropes when I put pressure on my foot.,My ankle joint throbs when I put pressure on my foot.
1249120_44263136_15762375.wav,I always feel like I have menstrual pains even if I don't have my period.,I always feel like I have menstrual pains even if I don't have my period.
1249120_44263136_18526428.wav,In the high school I had a lot of acne.,In highschool I had a lot of acne.
1249120_44263136_22818184.wav,I have a red rush that is itching on my skin.,I have a red rash that is itchy on my skin
1249120_44263136_25998544.wav,I have pain like needles in my joints.,i have pain like needles in my joints.
1249120_44263136_26194304.wav,My food had been aging since last Tuesday.,My foot had been aching since last Tuesday.
1249120_44263136_28094510.wav,I couldn't stop shaking or unclinch my jaw. That's how cold I was.,"I couldn't stop shaking or unclench my jaw, that's how cold I was."
1249120_44263136_30518887.wav,Long jutuzin all burning line across back with heart-piratory movements.,longitudinal burning line across back with hard respiratory movements
1249120_44263136_31607750.wav,I feel like you know my insides.,I feel aching on my insides.
1249120_44263136_34327747.wav,My hair always falls out and I have lost a lot of hair.,My hair always falls out and i have lost a lot of hair lately
1249120_44263136_36286570.wav,My neck has been sore since the accident.,My neck has been sore since the accident.
1249120_44263136_41431969.wav,I have a headache almost every day.,I have a headache almost every day
1249120_44263136_49038863.wav,"I have a migraine and I too handle, but it does not help.",i have a migrain and i took panadol but it doesn√ït help
1249120_44263136_51762834.wav,My back hurts a lot when I bend.,My back hurts a lot when I bend
1249120_44263136_58592964.wav,My chest hurts when I got to take a breath.,My chest hurts when I go to take a breath
1249120_44263136_77095387.wav,Have severe cold and cough.,Have severe cold and cough
1249120_44263136_78073786.wav,My knee is swallowing which indicates that I have an infected wound.,My kee is swallowing which indicates i have an infected wound
1249120_44263136_78833554.wav,I feel sad.,i feel sad
1249120_44263136_79226700.wav,I'm very worried that I'll go vaults soon. Am I very sick?,I'm very worried that I'll go bald soon. Am I very sick?
1249120_44263136_81225662.wav,I feel like I can hardly breathe unless I get what's in my lungs out.,I feel like I can hardly breathe unless I get what's in my lungs out
1249120_44263136_85067361.wav,My throat is so sore.,My throught is so sore.
1249120_44263136_86205654.wav,My body feels weak although I eat a lot. Why?,"My body feels weak although I eat a lot, why?"
1249120_44263136_87455428.wav,My ankle is hurting me.,my ankle is hurting me
1249120_44263136_88227448.wav,I cut my foot out of the pool and it breaks open every day when I walk in it.,I cut my foot at the pool and it breaks open every day when I walk on it.
1249120_44263136_89141475.wav,My heart hurts while I'm sad. What?,"My heart hurts while I'm sad, why?"
1249120_44263136_93647784.wav,Everything looks like being in a smoky area.,Everything looks like beeing in a smoky area.
1249120_44273314_104690533.wav,My body feels like it's in a ref refrigerator.,My body feels like it's in a refrigerator.
1249120_44273314_106435928.wav,I've tried reading books but nothing can cheer me up.,"I've tried reading books, but nothing can cheer me up."
1249120_44273314_106442057.wav,Sterilizer for the eye.,Sterilizer for the eye
1249120_44273314_16049788.wav,My chest hurts when I go to take a breath.,My chest hurts when I go to take a breath
1249120_44273314_24711015.wav,My heart hurts while I'm set. Why?,"My heart hurts while I'm sad, why?"
1249120_44273314_25005396.wav,Everything looks like being in a smokey area.,Everything looks like beeing in a smoky area.
1249120_44273314_30937230.wav,I think pain in the knee when walking.,I feel pain in the knee when walking
1249120_44273314_35569629.wav,I have a red rash that is itchy on my skin.,I have a red rash that is itchy on my skin
1249120_44273314_38073414.wav,I feel like I fell in hot water.,I feel like l fell in hot water
1249120_44273314_47748885.wav,My body feels weak although I eat a lot. Why?,"My body feels weak although I eat a lot, why?"
1249120_44273314_69242491.wav,My body aches on the inside between my hips and shoulders.,My body aches on the inside between my hips and shoulders.
1249120_44273314_71015022.wav,My ankle joined ropes when I put pressure on my foot.,My ankle joint throbs when I put pressure on my foot.
1249120_44273314_71205285.wav,"I'm not hearing well, I have problems with my ear.",I'm not hearing well I have problem with my ear
1249120_44273314_72971747.wav,I will emotionally trust.,I feel emotionally crushed
1249120_44273314_91569607.wav,There is a sharp pain in my bicep. I have tried to apply pain relief cream but it does not help.,There is a sharp pain in my bicep. I have tried to apply pain relief cream but it does not help.
1249120_44294866_104237668.wav,I have a bang in my head.,I have a pain in my head
1249120_44294866_104430582.wav,"Hey, I love shraving, you may join us.",I have a throbbing in my joints
1249120_44294866_104890103.wav,I have a hair of the musculopane since I went up to the hune.,I have a hard muscle pain since i went to the gym
1249120_44294866_105332708.wav,I don't have full range of motion with my arms.,I don't have full range of motion with my arms
1249120_44294866_106050928.wav,A was the nose with pneumonia. It can break easily.,"i was diagnosed with pneumonia, i can't breath easily."
1249120_44294866_13068476.wav,The area around my hair doesn't feel good.,The area around my heart doesn't feel good.
1249120_44294866_16718315.wav,I get a knee pain when I walk a lot.,I get a knee pain when I walk a lot
1249120_44294866_19000724.wav,"When I stand up too quickly, I start to feel dizzy and light headed.",When I stand up too quickly I start to feel dizzy and light-headed
1249120_44294866_21761084.wav,"I got up man, went ahead cheating.",I got acne when I ate chili
1249120_44294866_29194304.wav,I usually have a bad thought when I get food.,I usually have a bad cough when I get flu.
1249120_44294866_30450066.wav,I have a neck bang when I sit in front of my laptop.,I have a neck pain when I sit in-front of my laptop.
1249120_44294866_37364395.wav,So there are pain in the upper left side of chest and may have pain to back.,severe pain in the upper left side of chest and may have pain to back
1249120_44294866_39510206.wav,"I love to go there, but I get a terrible change in my lower back when I lean over.",I love to garden but I get a terrible twinge in my lower back when I lean over.
1249120_44294866_43326442.wav,I have a pain in my elbow joint.,i have a pain in my elbow joint
1249120_44294866_49687487.wav,I had an accident and my wound was open when I arrived to hospital.,I had an accident and my wound was open when I arrived to hospital
1249120_44294866_52332577.wav,I don't do anything at home and still I feel exhausted.,I don't do anything at home and still I feel exhausted.
1249120_44294866_53713877.wav,I feel very hard to breathe.,I feel very hard to breathe
1249120_44294866_56914981.wav,"My lower back hurts, but it improves if I stretch it.",My lower back hurts but it improves if I stretch it
1249120_44294866_57205296.wav,I feel a burning sensation in my gits about 2 hours after 8 meals.,I feel a burning sensation in my guts about 2 hours after each meal.
1249120_44294866_58377113.wav,sometimes when it is called outside my face hurts especially around the pimples that are ready to go,"Sometimes when it is cold outside, my face hurts, especially around the pimples that are ready to pop."
1249120_44294866_60643161.wav,I can't stand up or sit down. I have a pain in my body that reminds me.,I can't stand up or sit down I have a pain in my back that annoys me
1249120_44294866_61770999.wav,"When I move on my shoulder, being shut down my arms.","When I move on my shoulder, pain shoots down my arm"
1249120_44294866_63568111.wav,I feel a great pain in my shoulder when I try to lift something heavy.,I feel a great pain in my shoulder when i try to lift something heavy
1249120_44294866_64368433.wav,I was traveling by ship and I feel dizzy.,i was travelling by ship and i feel dizzy.
1249120_44294866_67568437.wav,My hair isn't too old.,my hair isn't well
1249120_44294866_68130365.wav,"Hey, how they been in my stomach?",I have a pain in my stomach
1249120_44294866_74679338.wav,They are with the stomach ache and they can eat anything.,I have a great stomach ache and i can't eat any thing
1249120_44294866_89734541.wav,My entire body is freezing.,My entire body is freezing.
1249120_44294866_92792208.wav,"When I stand up too quickly, I start to feel dizzy and light-headed.",When I stand up too quickly I start to feel dizzy and light-headed
1249120_44294866_99659302.wav,I feel as sore as in my knees when I walk.,I feel a soreness in my knees when I walk
1249120_44323331_10095808.wav,Daddy just happened in my beak up,There is a sharp pain in my bicep
1249120_44323331_14650475.wav,I can hardly breathe,i can hardly breathe
1249120_44323331_23606264.wav,I too played Obar will jumping to catch the ball.,I toppled over while jumping to catch the ball.
1249120_44323331_55722581.wav,"When I wake up in the morning, I feel sorry for my body.",When I wake up in the morning I feel a soreness in my body
1249120_44323331_59191528.wav,I get an AR-AT when it is cold.,I get an ear ache when it is cold
1249120_44323331_63393498.wav,I have a great pain in my food like twin pain with reduction in my pain relief.,i have a great pain in my foot like thrombing pain with relaxing my pain releif
1249120_44323331_84030889.wav,I feel great pain in the head.,I feel great pain in the head
1249120_44323331_94962408.wav,I peel pain in my throat,I feel pain in my throat
1249120_44323331_95860925.wav,"I made lords and lords of analysis to know the main reason for my stock, HA.",I made lots and lots of analysis to know the main reason for my stomach ache
1249120_44442354_25790660.wav,I am a hair shorter.,I have a hair shortage
1249120_44442354_96518720.wav,I failed my snare in my elbows and saw a lot.,I fell a stiffness in my elbows and shoulders
1249120_44442354_97149231.wav,and suffering from shark-conward company being fed.,I'm suffering from sharp cough Accompanied by  phlegm
1249120_44259428_100443017.wav,They are paying in my phone.,there pain in my foot
1249120_44259428_105662498.wav,I won't play basketball yesterday. I have Frank Ankle.,"i was playing basketball yesterday, i have sprained ankle"
1249120_44259428_105786249.wav,"I feel a burden in succession, in my shoulder and mouth, as well.",I feel a burning sensation in my shoulder muscle.
1249120_44259428_108477882.wav,"When it hurts about the world, that it stays sitting more than I should.",My knees hurt so bad to walk that I stay sitting more than I should.
1249120_44259428_16757387.wav,I filled this golf hole truck on all the body in general.,I feel discomfort throughout the body in general
1249120_44259428_20551217.wav,I have this important volume in my neck.,i have difficulty moving my neck
1249120_44259428_25649773.wav,I can't believe it.,i cant breathe
1249120_44259428_32632229.wav,I feel pain in my hand when I wake up.,I feel pain in my heart when I wake up
1249120_44259428_34986999.wav,"I get across the people of my face, that's another world away.",I get clusters of pimples on my face that never go away.
1249120_44259428_46472982.wav,"My favorite cat, Buckley, A&Mau, are on my side with it.",My face break out badly every month around my cycle.
1249120_44259428_52976378.wav,My back hurts so much. I kept back down to team my shoelace.,My back hurts so much I can't bend down to tie my shoelaces.
1249120_44259428_54532216.wav,"How if it had, there are family hair.","i feel hurt, lot of pain in my heart"
1249120_44259428_55288440.wav,My chest break up with a simple iron white hat.,My chest break out with red pimples and whiteheads.
1249120_44259428_56567581.wav,I will take in the head by a certain last night.,I was kicked in the head playing soccer last night.
1249120_44259428_57761508.wav,"I came in this, I have a heart of...",I can't sleep I have a hard cough
1249120_44259428_58709056.wav,"When I do have exercise, I feel great in my muscles.",When I do hard exercises I feel great pain in my muscles.
1249120_44259428_65420088.wav,I feel pain when I think of hair.,I feel pain when i think of her
1249120_44259428_67815432.wav,I've had this stuff for 2 weeks.,I've had this cough for two weeks.
1249120_44259428_72249048.wav,I break out all my face very quick.,I break out on my face very frequently
1249120_44259428_76204403.wav,"I feel like it's early, we pray.",I feel increased heart rate with prick
1249120_44259428_84461460.wav,"We are never at 10 now, I feel this.",Whenever I stand up I feel dizzy.
1249120_44259428_87762932.wav,I have edmec for all my faith.,I have acne all over my face
1249120_44259428_88280001.wav,My makeup is like 3D-,My kneecap feels like it is grating bone on bone when I walk.
1249120_44259428_92199033.wav,I feel that after doing a most large at all.,I feel dizzy after doing a muscular effort.
1249120_44263136_100870435.wav,The joins in my fingers are painful in the morning.,The joints in my fingers are painful in the morning.
1249120_44263136_101522822.wav,I have a pain in my muscle.,I have a pain in my muscle
1249120_44263136_101812019.wav,I feel hurt in my heart.,I feel hurts in my heart
1249120_44263136_106227417.wav,heart aches so much.,heart aches so much
1249120_44263136_107636900.wav,I may have overdone it with the weightlifting because I am afraid I may have torn a muscle on my back.,"I may have overdone it with the weightlifting, because I am afraid I may have torn a muscle on my back."
1249120_44263136_11828866.wav,There is a sharp pain in my bicep. I have tried to apply being really cream but it does not help.,There is a sharp pain in my bicep. I have tried to apply pain relief cream but it does not help.
1249120_44263136_13172477.wav,Sometimes my body feels weak without reason.,Sometimes my body feels week without reason
1249120_44263136_20870238.wav,"My body feels weak, although I take my bite and it is regularly.",My body feels weak although I take my vitamins regularly.
1249120_44263136_42090113.wav,There are times when I feel crushed under huge weight and no air coming to my lungs. It actually scares the hell out of me when it happens.,"There are times when I feel crushed under a huge weight and no air passing to my lungs, it actually scares the hell out of me when it happens."
1249120_44263136_43213149.wav,having difficulty moving by me.,having difficulty moving my knee
1249120_44263136_44160087.wav,I feel sharp pain in stomach after eating.,I feel a sharp pain in the stomach after eating
1249120_44263136_46878275.wav,"I'm not hearing well, I have a problem with my ear.",I'm not hearing well I have problem with my ear
1249120_44263136_49448724.wav,Is there a cure for acne?,Is there a cure for acne?
1249120_44263136_51547342.wav,I feel emotionally crushed.,I feel emotionally crushed
1249120_44263136_52222173.wav,"Every time I make an effort, I felt dizzy.","Every time I make an effort, I felt dizzy."
1249120_44263136_55671220.wav,I feel that is great pain in my left shoulder.,i feel that is great pain in my left shoulder
1249120_44263136_57609608.wav,my body aches on the inside between my hips and shoulders.,My body aches on the inside between my hips and shoulders.
1249120_44263136_59289865.wav,"When I'm too high, I start to feel dizzy.",When I'm too high I start to feel dizzy
1249120_44263136_68968933.wav,"I used a lot of pain killer to get better, but I still need the same back pain.",I used alot of pain killer to get better but i still feel the same back pain
1249120_44263136_71092044.wav,My body feels like it's an overfriderator.,My body feels like it's in a refrigerator.
1249120_44263136_82613525.wav,I feel like I've always got something in my throat.,I feel like I've always got something in my throat
1249120_44263136_92015834.wav,"When I wake up in the morning, I feel dizzy.",when i wake up in the morning i feel dizzy
1249120_44263136_93996655.wav,I have found some interesting skin and try to use cream but it doesn't get better.,I have found some issues in my skin and tried to use cream but it doesn't get better
1249120_44273314_102521547.wav,The worst headache was during a hangover in my 20s. I sincerely thought I was going to die from brain inflammation.,The worst headache was during a hangover in my twenties: I sincerely thought I was going to die from brain inflammation.
1249120_44273314_16303816.wav,I have a problem in my middle ear made by infection.,i have a problem in my middle ear made by infection
1249120_44273314_18787091.wav,I have a back pain since I turned 17 years old.,I have a back pain since I turned 70 years old.
1249120_44273314_52748628.wav,I feel aching on my insights.,I feel aching on my insides.
1249120_44273314_68456497.wav,I feel sad.,i feel sad
1249120_44273314_70276723.wav,I may have overdone it with the weight lifting because I am afraid I may have toned a muscle on my back.,"I may have overdone it with the weightlifting, because I am afraid I may have torn a muscle on my back."
1249120_44273314_70741506.wav,I noticed a lot more hair coming up than usual when I brush my hair.,I notice a lot more hair coming out than usual when I brush my hair
1249120_44273314_73290676.wav,My hair always falls out and I've lost a lot of hair lately.,My hair always falls out and i have lost a lot of hair lately
1249120_44273314_75699317.wav,I have severe dry cough.,i have severe dry cough
1249120_44273314_76070691.wav,I have a migraine and I took Panadol but it doesn't help.,i have a migrain and i took panadol but it doesn√ït help
1249120_44273314_96055783.wav,My head is so heavy I can't think normally.,My head is so heavy can't think normally
1249120_44294866_102554677.wav,I have read me in my face and other problems you may done like itching.,I have acne in my face and other problema in my derma like itching
1249120_44294866_103743912.wav,"Yes, if they had a shoulder band.",Yesterday I had a shouder pain
1249120_44294866_103812071.wav,I have a rake when I go to the pool.,I have a ear ache when I go to the pool
1249120_44294866_14283535.wav,I started taking some real relation and I guess I swallowed too much water from my nose because this sinusitis is killing me now.,"I started taking swimming lessons and I guess I swallowed too much water through my nose, because this sinusitis is killing me now."
1249120_44294866_18570665.wav,I have a ruseums on my face that come and go.,I have eruptions on my face that come and go .
1249120_44294866_29285051.wav,and having room in the nose.,I am having running nose
1249120_44294866_38949666.wav,"Fast, cold, scribed, like nuts.",fell skull is cracked like nuts
1249120_44294866_52206190.wav,My shoulder has a great pain.,My shoulder has agreat pain
1249120_44294866_52604131.wav,"stiffness, inability to look right or left, except by moving the whole body.",stiffness inability to look right or left except by moving the whole body
1249120_44294866_61858983.wav,I got enjoyed exercising.,I got injured exercising
1249120_44294866_63476113.wav,I was watching to be and at some point have better vision.,i was watching tv and suddenly have blurry vision
1249120_44294866_63987415.wav,"When I rise my head, I feel pain in my shoulder.",when i raise my hand i feel pain in my shoulder.
1249120_44294866_69316456.wav,My hair is falling out after I take a shower.,My hair is falling out after I take a shower.
1249120_44294866_76461050.wav,My neck is annoying me. I can't sleep because of it.,My neck is annoying me I can't sleep bacause of it
1249120_44294866_77416341.wav,The warm name says that my house is broken and feels a cold.,The warming system of my house is broken and  feel so cold
1249120_44294866_78490603.wav,My nose is congested all the time and there is this gluey secretion in my throat that make it impossible for me to sleep. I often have to nap sitting down.,My nose is congested all the time and there's this gluey secretion in my throat that makes it impossible for me to sleep. I often have to nap sitting down.
1249120_44294866_86233279.wav,"They have a very vision and they can't see any darkness. What is the reason, Doctor?","I have a blurry vision and i can't see in the darkness , what is the reason doctor ?"
1249120_44294866_90790242.wav,Itad from Enzener of Calv.,itch at front and center of scalp
1249120_44294866_94282612.wav,I have to pay my art.,I have terrible pain in my heart
1249120_44294866_94374240.wav,I feel something hurt me in taking bread and I can't take my bread.,I feel something hurt me in taking breath and I cant take my breath
1249120_44323331_28822792.wav,All of a sudden I killed DC when I screwed up.,All of a sudden I felt dizzy when I stood up.
1249120_44323331_35285585.wav,I feel a great amount of piss on of my head,I feel a great amount of pressure of my head.
1249120_44323331_47564425.wav,SARSICAL OLD SID TING PAS PAIN PULL AT HOT POO THE TOUCH,"surgical wounds red, firing pus, painful and hot to the touch"
1249120_44323331_63258394.wav,I have dark sports on my skin.,I have dark spots on my skin
1249120_44323331_81285987.wav,I feel strong pain in my knee after it was hit during the football match.,I feel strong pain in my knee after it was hit during the football match.
1249120_44323331_86516132.wav,"Derry Jack, it's your Darn son.",There is an injured person
1249120_44442354_57228239.wav,My skin needs to change.,My skin is itching.
1249120_44246595_89466082.wav,I often get a stomach ache after I eat. I haven't been able to pinpoint which foods may be the trigger.,I often get a stomach ache after I eat.  I haven't been able to pinpoint which foods might be the trigger.
1249120_44259428_107932197.wav,I cannot bet my net.,i can't rotate my neck
1249120_44259428_108575544.wav,My next build-if.,My neck feels stiff
1249120_44259428_36852781.wav,I got a divorce last year and I just kinda stopped drawing on how to get a bench on my ex-husband.,I got a divorce last year and I just can't stop dwelling on how to get revenge on my ex husband.
1249120_44259428_50949983.wav,"I hope on internal pain, I cannot describe.",I have an internal pain I cannot describe
1249120_44259428_52926868.wav,"Have a good week, good fataling.",heavy breath with fatigue
1249120_44259428_53848525.wav,I kept moving my hair up and down.,I can't move my head up and down.
1249120_44259428_56194683.wav,I have a great job.,I have a dry throat
1249120_44259428_72865674.wav,May your apples come to a nice fresh.,My arm hurts when I stretch
1249120_44259428_84387587.wav,My neck is coming and I can't look down for it.,my neck hurts me and i can't look down or up
1249120_44259428_89970708.wav,I have a tepe in my neck.,I have a sharp pain in my neck
1249120_44263136_106766278.wav,I feel like I fell in hot water.,I feel like l fell in hot water
1249120_44263136_108585886.wav,"I've always been very active, but now I just don't have to strength or energy to go for even a short walk.",I've always been very active but now I just don't have the strength or energy to go for even a short walk.
1249120_44263136_10880734.wav,I had internal pain and gases when I ate Indian spicy food yesterday.,I had internal pain and gases when I ate indian spicy food yesterday
1249120_44263136_31123906.wav,I get bit patches of irritated pimples on my back and they hurt.,I get big patches of irritated pimples on my back and they hurt.
1249120_44263136_36341086.wav,I feel cold when night comes.,I feel cold when the night comes
1249120_44263136_50406387.wav,I feel pain in the knee when walking.,I feel pain in the knee when walking
1249120_44263136_58938609.wav,"When I drink a lot, I get a headache.","When I drink a lot, I get a headache"
1249120_44263136_63958069.wav,I feel pain in my back.,I feel a pain in my back
1249120_44263136_70702677.wav,I feel like great painting my shoulder joint and it does not go away.,I feel a great pain in my shoulder joint and it does not go away
1249120_44263136_82626452.wav,I have a problem in my middle ear with my infection.,i have a problem in my middle ear made by infection
1249120_44263136_89689013.wav,"I can walk, my meat hurts me.","i can't walk, my knee hurts me"
1249120_44273314_21942140.wav,"When I drink a lot, I get a headache.","When I drink a lot, I get a headache"
1249120_44273314_26783687.wav,My knee catches and hurts when I first stand up after sitting.,My knee catches and hurts when I first stand up after sitting.
1249120_44273314_31545094.wav,The joints in my fingers are painful in the morning.,The joints in my fingers are painful in the morning.
1249120_44273314_40698632.wav,I feel a great amount of pressure on the sides of my neck.,I feel a great amount of pressure on the sides of my neck
1249120_44273314_45479897.wav,I feel hurt in my heart.,I feel hurts in my heart
1249120_44273314_47534753.wav,I cut my foot at the pool and it breaks open every day when I walk to the lake.,I cut my foot at the pool and it breaks open every day when I walk on it.
1249120_44273314_54417923.wav,I'm very worried that I'll go ball soon. Am I very sick?,I'm very worried that I'll go bald soon. Am I very sick?
1249120_44273314_57161236.wav,"I can't walk well, I have an age in my foot.",I can't walk well I have an ache in my foot
1249120_44273314_59068162.wav,I have been like needles in my joints.,i have pain like needles in my joints.
1249120_44273314_76615195.wav,My shoulder aches when I try to leave 5 pounds.,My shoulder aches when I try to lift five pounds.
1249120_44273314_96091387.wav,I feel that there is great pain in my left shoulder.,i feel that is great pain in my left shoulder
1249120_44294866_102664880.wav,I often gain sharpening in my chest and it can tell what I'm doing that might be triggering.,I often get a sharp pain in my chest and I can't tell what I'm doing that might be triggering it.
1249120_44294866_107429604.wav,Every time I come my hair there are so many hair in my comb.,Every time I comb my hair there are so many hair in my comb.
1249120_44294866_80026823.wav,I fell to my yard heard when I ran for a long distance.,I felt my heart hurts when I ran for along distance
1249120_44323331_12481133.wav,I can't my head a couple of weeks ago and even though I keep using an analytics team it's not getting better.,I cut my hand a couple of weeks ago and even though I keep using an antibiotic cream it's not getting better.
1249120_44323331_18782425.wav,My son got a tattoo several weeks ago and the skin around each reside and hot and it looks interested.,My son got a tattoo several weeks ago and the skin around it is raised and hot and it looks infected.
1249120_44387284_64093494.wav,"I was in the middle of the city, and I was in the middle of the city. Yeah, I was in the middle of the city.","i was injured during football match, i was diagnosed with Cruciate ligament"
1249120_44263136_95817458.wav,"I can't work well, I have an egg in my food.",I can't walk well I have an ache in my foot
1249120_44273314_67775131.wav,My back hurts a lot when I bend.,My back hurts a lot when I bend
1249120_44323331_51610812.wav,pain in the large neck,Pain in the large neck
1249120_44273314_69418683.wav,I feel like I've always got something in my throat.,I feel like I've always got something in my throat
1249120_44323331_15655234.wav,When I remember here I peeled down.,When I remember her I feel down
1249120_44323331_23843315.wav,My son Nisuke has neck with an old roger and that sport has become inflamed and looks like it is interested.,My son nicked his neck with an old razor and that spot has become inflamed and looks like it is infected.
1249120_44323331_24461872.wav,I cannot stop going.,I can`t stop coughing.
1249120_44323331_26408664.wav,The Own is still open.,The wound is still open
1249120_44323331_45513911.wav,I stop at sports because I get injury from sports.,I stopped sports because I get Injury from sports
1249120_44323331_54400222.wav,"Standing layers, then 5 minutes and my back start to H.E.",standing less than five minutes and my back start to ache
1249120_44323331_66888889.wav,"My joints are too high to work, you need to cool.",My joints ache whenever it is cold
1249120_44323331_70756728.wav,"It's standard as a tinnitus, but today the pain is trope, being and unravel.","It started as a tinnitus, but today the pain is throbbing and unbearable."
1249120_44323331_72563945.wav,I feel deep tingling when I touch SNA followed by bad sensation.,I feel deep Tingling when I touch Acne followed by bad sensation
1249120_44323331_79182023.wav,"Every time I talk a deep bath, I start cooling.",Every time I take a deep breath I start coughing
1249120_44246595_85567147.wav,"When I get up, I see my skin beg.",When i get up i see my skin vague
1249120_44273314_21492329.wav,I have a pain in my muscle.,I have a pain in my muscle
1249120_44273314_31089974.wav,I feel cold when the night comes.,I feel cold when the night comes
1249120_44273314_45748543.wav,My joints feel swollen.,My joints feel swollen
1249120_44273314_69108455.wav,Have severe goal and talk.,Have severe cold and cough
1249120_44273314_87229465.wav,I feel a sharp pain in the stomach after eating.,I feel a sharp pain in the stomach after eating
1249120_44292353_31900996.wav,I have mental suffering.,I have a mental suffering
1249120_44292353_38765156.wav,I started taking swimming lessons and I guess I swallowed too much water through my nose because this sinusitis is killing me now.,"I started taking swimming lessons and I guess I swallowed too much water through my nose, because this sinusitis is killing me now."
1249120_44292353_47569087.wav,I feel I went to an acupuncture's practice and had a hundred needles in my shoulder.,I feel like I went to an acupuncture's practice and had 100 needles in my shoulder
1249120_44292353_53318642.wav,My shower drain is full of hair every time.,My shower drain is full of hair every time.
1249120_44292353_69566092.wav,I love to garden but I get a terrible twinge in my lower back when I lean over.,I love to garden but I get a terrible twinge in my lower back when I lean over.
1249120_44292353_71029438.wav,"My neck is annoying me, I can't sleep because of it.",My neck is annoying me I can't sleep bacause of it
1249120_44323331_16590901.wav,I feel server reaching in the skin with redness.,I feel severe itching in the skin with redness
1249120_44323331_22225771.wav,I have a sartan in my yard.,I have a sharp pain in my ear
1249120_44323331_25968681.wav,"I have silver, solar pin.",I have severe shoulder pain
1249120_44323331_26313266.wav,"I am O Red, How cold, Internland, I am, I am Alage, Severeng, Evan, Out in the Sun.","I am worried how cold intolerant I am, I am always shivering, even out in the sun."
1249120_44323331_33624071.wav,My body feels weak after my past day in the day. Why?,"My body feels weak after my first day in the gym, why?"
1249120_44323331_38538892.wav,I had it sorted in my homework.,I had a sharp pain in my stomach
1249120_44323331_59510879.wav,Sat pain and heavy breathing.,Sharp pain and heavy breathing
1249120_44323331_63059317.wav,My back hurts me a lot.,my back hurts me a lot
1249120_44323331_82659146.wav,When I walk it's hard to breathe.,When I walk it's hard to breath.
1249120_44246595_105657955.wav,I have a feeling like my whole body is complaining.,I have a feeling like my whole body is complaining
1249120_44246595_107248522.wav,I notice an important decrease in my vision when I try to look at things up close.,I noticed an important decrease in my vision when I try to look at things up close.
1249120_44246595_76562955.wav,"When I go to stand, my head starts swirling.","When I go to stand, my head starts swirling"
1249120_44246595_77258445.wav,I was plain soccer and I twisted my ankle.,I was playing soccer and I twisted my ankle
1249120_44246595_89098147.wav,I don't know why I'm constantly sad.,I don't know why I'm constantly sad.
1249120_44246595_92462780.wav,He was discovered to have an open wound.,He was discovered to have an open wound.
1249120_44246595_94621639.wav,I feel pain inside. I do not know what it is.,I feel pain inside I do not know what it is
1249120_44246595_95208403.wav,I can't stand with this horrible feeling in my stomach.,I can't stand with this horrible feeling in my stomach
1249120_44246595_95437414.wav,I feel shoulder pain at intervals of time.,I feel shoulder pain at intervals of time.
1249120_44246595_95549576.wav,I have issue with my skin.,i have issue with my skin
1249120_44246595_99457284.wav,"When I eat, I feel my stomach hurts.",When i eat i feel my stomach hurts
1249120_44259428_90522474.wav,Chronicburn is at the level of the 2-hole of the lower camiels.,Chronic bone disease at the level of the doubles of the lower Estremidades
1249120_44259428_91754229.wav,"Oh, my hair hurt me. I tend to be calm and I can't.",Oh my heart hurts me I tried to be calm and I can't
1249120_44259428_97884452.wav,"I am Pranayasa Lishna, Marista for my own.","i am feeling so dizzy, body is so fragile."
1249120_44273314_107500628.wav,"I can't walk, my knee hurts me.","i can't walk, my knee hurts me"
1249120_44273314_109807607.wav,I feel like I can hardly breathe unless I get what's in my lungs out.,I feel like I can hardly breathe unless I get what's in my lungs out
1249120_44273314_13390025.wav,I feel pain inside and I cannot identify it.,I feel pain inside and I can not identify it
1249120_44273314_17246181.wav,My throat is so sore.,My throught is so sore.
1249120_44273314_32293213.wav,I feel that something is squeezing my lungs.,I feel like something is squeezing my lungs.
1249120_44273314_38687390.wav,"When I'm too high, I start to feel dizzy.",When I'm too high I start to feel dizzy
1249120_44273314_56365443.wav,I have a rash on my skin.,I have a rash on my skin
1249120_44273314_77840631.wav,I wish this excruciating feeling of lost the goal way.,I wish this excruciating feeling of loss could go away.
1249120_44273314_84611968.wav,My Nick has been sore since the accident.,My neck has been sore since the accident.
1249120_44273314_95639193.wav,I hit the ground when trying to shoot a basket ball.,i hit the ground when trying to shoot a basketball
1249120_44273314_97771287.wav,My foot had been aching since last Tuesday.,My foot had been aching since last Tuesday.
1249120_44273314_98448714.wav,I feel sad like hurt or pain.,I feel sad like hurt or pain
1249120_44292353_18156280.wav,I am having running nose.,I am having running nose
1249120_44292353_62335378.wav,I have eruptions on my face that come and go.,I have eruptions on my face that come and go .
1249120_44292353_67132028.wav,I feel weak all over.,I feel weak all over.
1249120_44292353_95558066.wav,I have a great stomach ache and I can't eat anything.,I have a great stomach ache and i can't eat any thing
1249120_44323331_109641805.wav,See what been in the yarn.,Severe pain in the ear
1249120_44323331_13821399.wav,there is just happen in my clip,There is a sharp pain in my calve.
1249120_44323331_20802934.wav,I cannot bear this squeezing sensation I have in my chest.,I cannot bear this squeezing sensation I have in my chest.
1249120_44323331_30817447.wav,Read glasses. Accompaned with itchy.,red flushes accompanied with itchy
1249120_44323331_75046615.wav,I have a problem in my back. I cannot stand it.,i have a problem in my back i cannot extend it
1249120_44323331_95281494.wav,I hot when I bend my arm.,It hurts when I bent my arm
1249120_44246595_101823153.wav,I feel pain in my right shoulder after the tennis match.,I feel pain in my right shoulder after the tennis match.
1249120_44246595_108705425.wav,"I have a footache, although I don't walk a lot.",I have a foot ache although I don't walk a lot.
1249120_44246595_86895734.wav,surgical wound infections,Surgical wound infections
1249120_44246595_89680770.wav,I don't have the energy to do the things that I used to.,I don't have the energy to do the things that I used to
1249120_44246595_92310242.wav,I wake up at night feeling cold.,I wake up at night feeling cold
1249120_44259428_19250068.wav,I'm not feeling good. I can't take my grief.,I'm not feeling good I can't take my breath
1249120_44259428_75809403.wav,I have good vision.,I have blurred vision.
1249120_44273314_94623228.wav,"When I wake up in the morning, I feel dizzy.",when i wake up in the morning i feel dizzy
1249120_44292353_25313684.wav,Sometimes I feel like a claw on my chest that leaves me breathless.,Sometimes I feel like a claw on my chest that leaves me breathless.
1249120_44292353_25851801.wav,"When I stand up too quickly, I start to feel dizzy and light head.",When I stand up too quickly I start to feel dizzy and light-headed
1249120_44292353_40076348.wav,"Sometimes when it's cold outside my face hurts, especially around the pimples that are ready to pop.","Sometimes when it is cold outside, my face hurts, especially around the pimples that are ready to pop."
1249120_44292353_53478447.wav,I have a painful cramp in my feet.,I have a painful cramp in my feet
1249120_44292353_79362392.wav,I feel very hard to breathe.,I feel very hard to breathe
1249120_44292353_83240359.wav,I was watching TV and suddenly you have blurry vision.,i was watching tv and suddenly have blurry vision
1249120_44292353_95216909.wav,I got injured exercising.,I got injured exercising
1249120_44323331_15039513.wav,I get eye joint in when I try to bend my leg or my arm.,I get i joint pain when i try to bend my leg or my arm
1249120_44323331_22949427.wav,I feel pain in my joint after and inure in the last 12 minutes I played.,I feel pain in my joint after an injury in the last football match I played.
1249120_44323331_26386155.wav,My head is spinning when I get up.,My head is spinning when I get up.
1249120_44323331_34357709.wav,My own opened up again.,My wound opened up again
1249120_44323331_77964928.wav,I never had any assign a problem in the last pregnancy when all of a student in my back got co-hard in jits.,"I never had any acne problem until my last pregnancy, when all of a sudden my back got covered in zits."
1249120_44323331_84928769.wav,I have been in my stomach.,I have pain in my stomach
1249120_44323331_88012031.wav,It hurts when I easy my arm up,It hurts when I raise my arm up
1249120_44292353_107326859.wav,I feel dizzy when I step in front of my laptop for an hour or two. What possibly could be the reason?,"I feel dizzy when I set in-front of my laptop for an hour or two, what possibly could be the reason?"
1249120_44292353_23165570.wav,I feel my heart hurts when I ran for a long distance.,I felt my heart hurts when I ran for along distance
1249120_44292353_70288448.wav,"When I raise my hand, I feel pain in my shoulder.",when i raise my hand i feel pain in my shoulder.
1249120_44273314_103514863.wav,"My body feels weak, although I take my vitamins regularly.",My body feels weak although I take my vitamins regularly.
1249120_44273314_84076771.wav,having difficulty moving my knee.,having difficulty moving my knee
