file_name,edge_transcript,time_taken_seconds,original_transcript,wer_edge
1249120_44246595_101823153.wav,I feel pain in my raised shoulder after the tennis match.,6.388773,I feel pain in my right shoulder after the tennis match.,0.09090909090909091
1249120_44246595_105657955.wav,I have a feeling like my whole body is complaining.,2.998167,I have a feeling like my whole body is complaining,0.0
1249120_44246595_107248522.wav,I notice an important decrease in my vision when I try to look at things up close.,3.411189,I noticed an important decrease in my vision when I try to look at things up close.,0.058823529411764705
1249120_44246595_108705425.wav,"I have a foot ache, although I don't walk a lot.",3.129872,I have a foot ache although I don't walk a lot.,0.0
1249120_44246595_76562955.wav,"When I go to stand, my head starts swirling.",3.02099,"When I go to stand, my head starts swirling",0.0
1249120_44246595_77258445.wav,I was playing soccer and I twisted my ankle.,2.887012,I was playing soccer and I twisted my ankle,0.0
1249120_44246595_85567147.wav,"When I get up, I see my skin big.",2.927121,When i get up i see my skin vague,0.1111111111111111
1249120_44246595_86895734.wav,surgical wound infection,2.732583,Surgical wound infections,0.3333333333333333
1249120_44246595_89098147.wav,I don't know why I'm constantly sad.,2.978848,I don't know why I'm constantly sad.,0.0
1249120_44246595_89466082.wav,I often get a stomach ache after I eat. I haven't been able to pinpoint which foods may be the trigger.,3.643178,I often get a stomach ache after I eat.  I haven't been able to pinpoint which foods might be the trigger.,0.047619047619047616
1249120_44246595_89680770.wav,I don't have the energy to do the things that I used to.,3.144412,I don't have the energy to do the things that I used to,0.0
1249120_44246595_92310242.wav,I wake up at night feeling cold.,2.915608,I wake up at night feeling cold,0.0
1249120_44246595_92462780.wav,He was discovered to have an open wound.,2.888639,He was discovered to have an open wound.,0.0
1249120_44246595_94621639.wav,I feel pain inside. I do not know what it is.,3.084435,I feel pain inside I do not know what it is,0.0
1249120_44246595_95208403.wav,I can't stand with this horrible feeling in my stomach.,2.937427,I can't stand with this horrible feeling in my stomach,0.0
1249120_44246595_95437414.wav,I feel shoulder pain at intervals of time.,2.857891,I feel shoulder pain at intervals of time.,0.0
1249120_44246595_95549576.wav,I have issue with my skin.,2.725809,i have issue with my skin,0.0
1249120_44246595_99457284.wav,"When I eat, I feel my stomach hurts.",2.926844,When i eat i feel my stomach hurts,0.0
1249120_44259428_100443017.wav,They are planning in my foot.,2.736959,there pain in my foot,0.6
1249120_44259428_100658896.wav,Oh! Help yourself if you are doing it!,9.472136,I have a dull ache in my head,1.0
1249120_44259428_102515958.wav,"When I worked along, I shared an injury from a sport in my knee.",3.225291,When I was young I had an injury from sports in my knee.,0.38461538461538464
1249120_44259428_103086666.wav,"I can't get hurt any, I hop up any, we'll make sure we're there.",3.782699,I can't carry anything I have a pain in my shoulder,1.0
1249120_44259428_105662498.wav,"I will play a masquerade just a minute, I have a break, thank you.",3.746385,"i was playing basketball yesterday, i have sprained ankle",1.2222222222222223
1249120_44259428_105786249.wav,I feel a good sensation in my shoulder muscles.,3.310455,I feel a burning sensation in my shoulder muscle.,0.2222222222222222
1249120_44259428_106881229.wav,"I want everything that now I get charred for you, I've been along on a similar way.",3.832423,I walk every day but now I get short of breath after going only a short way.,0.7058823529411765
1249120_44259428_107372342.wav,If you have done it,2.810705,i feel head ache,1.25
1249120_44259428_107932197.wav,I can't look at my neck.,2.885217,i can't rotate my neck,0.4
1249120_44259428_108477882.wav,"Many first of us will, that we face it in more than ice cream.",3.39684,My knees hurt so bad to walk that I stay sitting more than I should.,0.8666666666666667
1249120_44259428_108575544.wav,"My next build stiff,",6.698466,My neck feels stiff,0.5
1249120_44259428_108958575.wav,"I'm sitting in the car, so I'm going to take this high.",3.250188,I m feeling cold though the temperature is high,1.2222222222222223
1249120_44259428_16757387.wav,"If you disconfort, drop out the body in general.",3.044942,I feel discomfort throughout the body in general,0.625
1249120_44259428_17428469.wav,I should bury my neck where I climb this today.,2.93408,I feel pain in my knee when I climb the stairs.,0.6363636363636364
1249120_44259428_17570271.wav,"I travel by plane, I feel it's a bomb. And this time, you and me might ever make love and pay for.",8.871061,I travelled by plane a few days ago and this time during landing my ears remained clogged and painful.,0.7894736842105263
1249120_44259428_19250068.wav,"I'm not free with, I can't take my way.",2.999377,I'm not feeling good I can't take my breath,0.3333333333333333
1249120_44259428_19293556.wav,May be there's no take action after I won't be re-ing.,3.234386,My biceps started aching after I went to the gym,1.0
1249120_44259428_20551217.wav,I have the people who came home in my neck.,2.884414,i have difficulty moving my neck,1.0
1249120_44259428_25649773.wav,I can't move it.,2.649701,i cant breathe,0.6666666666666666
1249120_44259428_26033114.wav,"He soon enjoyed the absence of his secretary. Your story, I wish you the best of luck!",10.67352,His infected wound was beginning to rot.,2.2857142857142856
1249120_44259428_28102523.wav,I have a problem in my parents.,2.904746,I have an open wound in my arm,0.5
1249120_44259428_31222743.wav,"My run to field field and I try to make you sooner, but it's still pain.",3.274086,My body feels weak and I tried to make it relax but it stills pain me,0.625
1249120_44259428_32632229.wav,"I feel pain, they help, where I wake up.",2.911408,I feel pain in my heart when I wake up,0.4
1249120_44259428_34986999.wav,"I get crossed on the field along my face, that's all they're going away.",3.292689,I get clusters of pimples on my face that never go away.,0.75
1249120_44259428_34993210.wav,I feel very weak in my body.,2.789993,I feel very weak in my body,0.0
1249120_44259428_36852781.wav,I grab the more or less here and I just can't stop dwelling on how to get a bench on my ex-husband.,3.727719,I got a divorce last year and I just can't stop dwelling on how to get revenge on my ex husband.,0.47619047619047616
1249120_44259428_38940948.wav,"If you call, also we are insolent.",2.90567,I feel cold although we are in summer.,0.75
1249120_44259428_39681967.wav,için of how this has gone,13.032828,Chronic disease of hair follicles and sebaceous glands,0.875
1249120_44259428_45195927.wav,They have garbage in my toilet,8.393719,I have throbing in my shoulder,0.5
1249120_44259428_45992221.wav,I feel pain with the ocean.,2.882698,i feel pain in my stomach,0.5
1249120_44259428_46472982.wav,my safety cap badlyえる most are open user,12.90109,My face break out badly every month around my cycle.,0.9
1249120_44259428_46527054.wav,I have not played of my soul that will not heal.,3.243723,I have a split on my thumb that will not heal.,0.36363636363636365
1249120_44259428_49203869.wav,I feel the best when I do my hair funny now.,3.186057,I feel depressed when I see my hair falling out,0.5
1249120_44259428_50914735.wav,I feel like you're going at 10 now.,2.86418,I feel lightheaded when I stand up,0.8571428571428571
1249120_44259428_50949983.wav,"I hope on the internet brain, I can subscribe.",3.12122,I have an internal pain I cannot describe,0.875
1249120_44259428_51361064.wav,We don't have to read when they enter on the ground with restoration. Why?,3.532393,"It is hard to breath when I am in the underground metro station, why?",0.7142857142857143
1249120_44259428_52926868.wav,Anybody?,12.602372,heavy breath with fatigue,1.0
1249120_44259428_52976378.wav,My back hurts so much. I can't bend down to tell you my shoulders.,3.607355,My back hurts so much I can't bend down to tie my shoelaces.,0.23076923076923078
1249120_44259428_53172278.wav,I have a prohibition since I work this morning. What could be the reason?,3.662678,"I have a blurry vision since I woke up this morning, what could be the reason?",0.25
1249120_44259428_53848525.wav,"I can't move, I can't move up and down.",3.301171,I can't move my head up and down.,0.375
1249120_44259428_54047497.wav,I am happy to help the authorities because the better our efforts will see.,3.382269,I'm having a hard time reading because the letters are all fuzzy,1.0
1249120_44259428_54344716.wav,"I feel that he took emotional pain and as a result, with my prayer free.",3.736296,I feel a huge emotional pain after I broke up with my girlfriend.,0.6923076923076923
1249120_44259428_54532216.wav,If you have a lot of time on your hair.,3.099215,"i feel hurt, lot of pain in my heart",0.8888888888888888
1249120_44259428_55288440.wav,My chain language up simple and my thread,11.8957,My chest break out with red pimples and whiteheads.,0.8888888888888888
1249120_44259428_56194683.wav,Have a good night!,15.041182,I have a dry throat,0.6
1249120_44259428_56567581.wav,"I will pick you in the head, play it out of last night.",3.571546,I was kicked in the head playing soccer last night.,0.7
1249120_44259428_57761508.wav,"I can't increase, I forgot how it got.",3.209771,I can't sleep I have a hard cough,0.625
1249120_44259428_58709056.wav,"When I do have research, I feel great to see you main models.",3.351811,When I do hard exercises I feel great pain in my muscles.,0.5833333333333334
1249120_44259428_58867514.wav,"I took that last thing, but it influenced the saying is keep growing.",3.930107,I tried alot of cream but i still feel the same skin problem,0.8461538461538461
1249120_44259428_59884279.wav,I have a prohibition to replace an entraining in the problem. Why?,3.643175,"I have a blurry vision during my swimming training in the pool, why?",0.5384615384615384
1249120_44259428_61618701.wav,My head gets asses when I try to do that up.,3.423956,My head gets dizzy when I try to get up.,0.3
1249120_44259428_65420088.wav,I feel pain when I think of her.,3.210356,I feel pain when i think of her,0.0
1249120_44259428_67815432.wav,I've got this cup so to make.,3.204619,I've had this cough for two weeks.,0.7142857142857143
1249120_44259428_71308387.wav,"I am a person of an actor, an engineer or a society.",4.535145,"Annoyance starts suddenly, often after an injury or exercise.",1.1111111111111112
1249120_44259428_72249048.wav,"I break out on my face, not if you're crying.",3.663268,I break out on my face very frequently,0.5
1249120_44259428_72865674.wav,May I propose your next praise?,10.688798,My arm hurts when I stretch,1.0
1249120_44259428_75102963.wav,"I hope I have a couple of little goals. I love all, I live in a scene, I am easy to accept, it has been close up.",4.823136,I cut my hand a couple of days ago and although I didn't think I needed it stitches it hasn't closed up.,0.8636363636363636
1249120_44259428_75809403.wav,I have a good vision.,2.770029,I have blurred vision.,0.5
1249120_44259428_76204403.wav,"If you look at this hurling, we pray.",3.163842,I feel increased heart rate with prick,1.1428571428571428
1249120_44259428_77483299.wav,"I have a variation in good care, or when it's called Y.",3.841167,"I have a foot ache in winter, or when it feels cold, why?",0.6153846153846154
1249120_44259428_82428785.wav,Blast looking and warm my electric matty. The warmly so wide.,3.681689,glass broken and wound my leg badly the wound is so wide,0.5833333333333334
1249120_44259428_83019694.wav,I should be in the lower gap.,3.150631,I feel pain in the lower back,0.42857142857142855
1249120_44259428_84387587.wav,"I call it, and I get a call for a slap.",12.866566,my neck hurts me and i can't look down or up,0.9090909090909091
1249120_44259428_84461460.wav,"We are never at 10 o'clock, I feel this.",3.396947,Whenever I stand up I feel dizzy.,1.0
1249120_44259428_86445054.wav,my samahraq is released and he is selling and his cleanään he is *** and looks if he is alive sure,61.014948,My son had his lip pierced and it is swollen and the skin inside on his lip is grey and looks infected.,0.8181818181818182
1249120_44259428_87762932.wav,I have to admit for where my face.,3.217725,I have acne all over my face,0.5714285714285714
1249120_44259428_88280001.wav,"When we got this like, do this very long long long when I go home.",3.432121,My kneecap feels like it is grating bone on bone when I walk.,0.9230769230769231
1249120_44259428_89970708.wav,I hope you have a good day and my next.,3.622997,I have a sharp pain in my neck,0.75
1249120_44259428_90522474.wav,Economic presentations of the level of the rule of level of R29.,19.84765,Chronic bone disease at the level of the doubles of the lower Estremidades,0.6153846153846154
1249120_44259428_91754229.wav,"Oh, may her call me. I tend to be close and engaged.",3.653397,Oh my heart hurts me I tried to be calm and I can't,0.5384615384615384
1249120_44259428_92199033.wav,"I feel good, I tend to do it, I'm most sorry at all.",3.48367,I feel dizzy after doing a muscular effort.,1.375
1249120_44259428_95841310.wav,I could not emphasize because my pain.,3.012077,I could not exercise because of my knee pain,0.3333333333333333
1249120_44259428_96688403.wav,"I have the difficulty increasing, the increase of the crisis.",3.124809,I have difficulty in breathing in crowded places.,0.875
1249120_44259428_97884452.wav,I am Minister of Liaison the Majesty of the Agency,11.628966,"i am feeling so dizzy, body is so fragile.",0.8888888888888888
1249120_44263136_100870435.wav,The joins in my fingers are painful in the morning.,3.13629,The joints in my fingers are painful in the morning.,0.1
1249120_44263136_101522822.wav,I have a pain in my muscle.,2.973314,I have a pain in my muscle,0.0
1249120_44263136_101812019.wav,I feel hurt in my heart.,2.916388,I feel hurts in my heart,0.16666666666666666
1249120_44263136_103802215.wav,"My child has cough all night, she can sleep.",3.095903,"my child has cough all night, she can't sleep",0.1111111111111111
1249120_44263136_106227417.wav,heart aches so much,2.991968,heart aches so much,0.0
1249120_44263136_106766278.wav,I feel like I fell in hot water.,3.089524,I feel like l fell in hot water,0.125
1249120_44263136_106922287.wav,I have a back pain since I turned 70 years old.,3.291847,I have a back pain since I turned 70 years old.,0.0
1249120_44263136_107482610.wav,I feel like something is squeezing my lungs,3.188109,I feel like something is squeezing my lungs.,0.0
1249120_44263136_107507771.wav,My son had a rude kennel and the dentist accidentally cut the inside off his cheek and now he will not feel,4.448435,My son had a root canal and the dentist accidentally cut the inside of his cheek and now it will not heal.,0.22727272727272727
1249120_44263136_107636900.wav,I may have overdone it with the weight lifting because I am afraid I may have torn a muscle on my back.,4.095578,"I may have overdone it with the weightlifting, because I am afraid I may have torn a muscle on my back.",0.09523809523809523
1249120_44263136_108585886.wav,"I've always been very active, but now I just don't have to strength or energy to go or even a short walk.",4.776619,I've always been very active but now I just don't have the strength or energy to go for even a short walk.,0.09090909090909091
1249120_44263136_10880734.wav,I had internal pain and gases when I aged in GM's Pisifruit yesterday.,3.68051,I had internal pain and gases when I ate indian spicy food yesterday,0.3076923076923077
1249120_44263136_11828866.wav,There is a sharp pain in my bicep. I have to try to apply me really clean but it does not help,3.933662,There is a sharp pain in my bicep. I have tried to apply pain relief cream but it does not help.,0.23809523809523808
1249120_44263136_12662866.wav,I feel pain in the meat.,2.873006,I feel pain in the knee,0.16666666666666666
1249120_44263136_13172477.wav,Sometimes my body feels weak without breathing.,3.366253,Sometimes my body feels week without reason,0.2857142857142857
1249120_44263136_13332887.wav,My knee touches and hurts when I first stand up after seating.,3.646361,My knee catches and hurts when I first stand up after sitting.,0.16666666666666666
1249120_44263136_13651055.wav,My ankle joint throats when I put pressure on my foot.,3.313108,My ankle joint throbs when I put pressure on my foot.,0.09090909090909091
1249120_44263136_15762375.wav,"I always feel like half the menstrual pains, even if I don't have my period.",3.670257,I always feel like I have menstrual pains even if I don't have my period.,0.13333333333333333
1249120_44263136_18526428.wav,"In the hospital, I had a lot of acne.",3.3563,In highschool I had a lot of acne.,0.25
1249120_44263136_20870238.wav,"My body feels weak, although I take my bite on it as regularly.",3.701595,My body feels weak although I take my vitamins regularly.,0.4
1249120_44263136_22818184.wav,I have a red brush that is eaten almost in.,3.190542,I have a red rash that is itchy on my skin,0.45454545454545453
1249120_44263136_25998544.wav,I have pain like needles in my joints.,2.970206,i have pain like needles in my joints.,0.0
1249120_44263136_26194304.wav,My food has been aching since last Tuesday.,3.074994,My foot had been aching since last Tuesday.,0.25
1249120_44263136_27728779.wav,I have a hard brain in my stomach.,3.000385,i have a hard pain in my stomach,0.125
1249120_44263136_28094510.wav,I couldn't stop shaking or unclench my jaw. That's how cold I was.,3.585557,"I couldn't stop shaking or unclench my jaw, that's how cold I was.",0.0
1249120_44263136_30518887.wav,Long shoot using all burning line across the back of the hospitalatory movements.,3.354987,longitudinal burning line across back with hard respiratory movements,0.8888888888888888
1249120_44263136_31123906.wav,I get bit patches of irritated pimples on my back and they hurt.,3.330869,I get big patches of irritated pimples on my back and they hurt.,0.07692307692307693
1249120_44263136_31607750.wav,I feel aching on my inside.,3.032307,I feel aching on my insides.,0.16666666666666666
1249120_44263136_34327747.wav,My hair always falls out and I have lost a lot of hair.,3.474446,My hair always falls out and i have lost a lot of hair lately,0.07142857142857142
1249120_44263136_34906231.wav,I have severe dry cough.,2.947999,i have severe dry cough,0.0
1249120_44263136_36286570.wav,My bed has been sore since the accident.,3.195876,My neck has been sore since the accident.,0.125
1249120_44263136_36341086.wav,I feel cold when night comes.,2.967925,I feel cold when the night comes,0.14285714285714285
1249120_44263136_41431969.wav,I have a headache almost every day.,3.124129,I have a headache almost every day,0.0
1249120_44263136_42090113.wav,"There are times when it feels crushed, under a huge weight and no air happens to my lungs. It actually scares to inhale out of me when it happens.",4.553483,"There are times when I feel crushed under a huge weight and no air passing to my lungs, it actually scares the hell out of me when it happens.",0.1724137931034483
1249120_44263136_42546148.wav,I feel pain inside and I cannot identify it.,3.025646,I feel pain inside and I can not identify it,0.2
1249120_44263136_43213149.wav,But it would be wonderful to me like me.,11.047372,having difficulty moving my knee,1.8
1249120_44263136_44160087.wav,"I feel short, pain and stomach after eating.",2.991051,I feel a sharp pain in the stomach after eating,0.4
1249120_44263136_46878275.wav,"I'm left here in wool, I have problem with my ear.",3.272027,I'm not hearing well I have problem with my ear,0.4
1249120_44263136_47696189.wav,"The worst headache during the hangover in my 20s, I sincerely thought I was going to die of our brain formation.",4.054061,The worst headache was during a hangover in my twenties: I sincerely thought I was going to die from brain inflammation.,0.2857142857142857
1249120_44263136_49038863.wav,"I have a migraine and a two-edle, but it does not help.",3.410019,i have a migrain and i took panadol but it doesn√ït help,0.5
1249120_44263136_49448724.wav,Is there a cure for acne?,2.945035,Is there a cure for acne?,0.0
1249120_44263136_50406387.wav,I feel pain in me when walking.,3.080459,I feel pain in the knee when walking,0.25
1249120_44263136_51547342.wav,I feel emotionally crushed.,3.534263,I feel emotionally crushed,0.0
1249120_44263136_51762834.wav,My back hurts a lot when I've been.,3.328141,My back hurts a lot when I bend,0.25
1249120_44263136_52222173.wav,"Every time I make a effort, I felt dizzy.",3.158654,"Every time I make an effort, I felt dizzy.",0.1111111111111111
1249120_44263136_55671220.wav,I feel that is great painting my left shoulder.,3.111915,i feel that is great pain in my left shoulder,0.2
1249120_44263136_57609608.wav,My body aches on the inside between my hips and shoulders.,3.371861,My body aches on the inside between my hips and shoulders.,0.0
1249120_44263136_58592964.wav,My chest hurts when I go to take a breath.,3.233051,My chest hurts when I go to take a breath,0.0
1249120_44263136_58938609.wav,"When I drink a lot, I get a headache.",3.546903,"When I drink a lot, I get a headache",0.0
1249120_44263136_59289865.wav,"When I'm too high, I start to feel dizzy.",3.288462,When I'm too high I start to feel dizzy,0.0
1249120_44263136_63958069.wav,I feel paining my back.,2.997618,I feel a pain in my back,0.42857142857142855
1249120_44263136_64809479.wav,Mark lips purities so much!,9.055571,My foot is hurting so much.,0.6666666666666666
1249120_44263136_68968933.wav,I used a lot of paint killer to get better for us to look the same back pain.,3.825115,I used alot of pain killer to get better but i still feel the same back pain,0.4117647058823529
1249120_44263136_70702677.wav,I feel a great pain in my shoulder joint and it does not go away.,3.625951,I feel a great pain in my shoulder joint and it does not go away,0.0
1249120_44263136_71092044.wav,My body feels like it's an ever-for-drater.,3.235136,My body feels like it's in a refrigerator.,0.375
1249120_44263136_77095387.wav,Have severe cold and cold.,2.786372,Have severe cold and cough,0.2
1249120_44263136_78073786.wav,My knee is this wallowing which indicates that I have an infected wound.,3.556567,My kee is swallowing which indicates i have an infected wound,0.36363636363636365
1249120_44263136_78833554.wav,I feel sad.,2.951157,i feel sad,0.0
1249120_44263136_79226700.wav,"I'm very worried that I'll go bald soon, am I very sick?",3.533524,I'm very worried that I'll go bald soon. Am I very sick?,0.0
1249120_44263136_81225662.wav,I feel like I'm hardly breathable as I get what's in my lungs out.,4.316598,I feel like I can hardly breathe unless I get what's in my lungs out,0.26666666666666666
1249120_44263136_82613525.wav,I feel like I've always got something in my throat.,3.273773,I feel like I've always got something in my throat,0.0
1249120_44263136_82626452.wav,I have a problem in my middle ear of me on this section.,3.75128,i have a problem in my middle ear made by infection,0.45454545454545453
1249120_44263136_83669979.wav,I hardly have enough strength to get up.,3.147549,"I hardly have enough stength to get up,",0.125
1249120_44263136_85067361.wav,My throat is so sore.,2.987111,My throught is so sore.,0.2
1249120_44263136_86205654.wav,My body feels weak overall. I eat a lot. Why?,3.254459,"My body feels weak although I eat a lot, why?",0.1
1249120_44263136_87409253.wav,Steady lives are for the eye.,3.062092,Sterilizer for the eye,0.75
1249120_44263136_87455428.wav,My ankle is hurting me.,3.073948,my ankle is hurting me,0.0
1249120_44263136_88227448.wav,I cut my foot at the pool and he breaks open every day when I walk in it.,3.630526,I cut my foot at the pool and it breaks open every day when I walk on it.,0.1111111111111111
1249120_44263136_89141475.wav,My heart hurts while I'm sad. What?,3.108531,"My heart hurts while I'm sad, why?",0.14285714285714285
1249120_44263136_89689013.wav,"I can walk, I need her to me.",3.175259,"i can't walk, my knee hurts me",0.7142857142857143
1249120_44263136_92015834.wav,"When I wake up in the morning, I feel dizzy.",3.409396,when i wake up in the morning i feel dizzy,0.0
1249120_44263136_93647784.wav,Everything looks like being in a smoky area.,3.246876,Everything looks like beeing in a smoky area.,0.125
1249120_44263136_93996655.wav,I have found some interesting skin and tried to use cream but it doesn't get better.,3.738865,I have found some issues in my skin and tried to use cream but it doesn't get better,0.16666666666666666
1249120_44263136_94477614.wav,My shoulder aches when I try to lift five pounds.,3.353692,My shoulder aches when I try to lift five pounds.,0.0
1249120_44263136_95817458.wav,"I can't walk well, I have an aching my foot.",3.483345,I can't walk well I have an ache in my foot,0.18181818181818182
1249120_44273314_102521547.wav,The worst headache was during a hangover in my 20s. I've sincerely thought I was going to die from brain inflammation.,4.351055,The worst headache was during a hangover in my twenties: I sincerely thought I was going to die from brain inflammation.,0.09523809523809523
1249120_44273314_103514863.wav,"My body feels weak, although I take my vitamins regularly.",3.496335,My body feels weak although I take my vitamins regularly.,0.0
1249120_44273314_104690533.wav,My body feels like it's in a refrigerator.,3.271932,My body feels like it's in a refrigerator.,0.0
1249120_44273314_106435928.wav,I've tried reading books but nothing can cheer me up.,3.287762,"I've tried reading books, but nothing can cheer me up.",0.0
1249120_44273314_106442057.wav,sterilizer for the eye.,2.894134,Sterilizer for the eye,0.0
1249120_44273314_107500628.wav,"I can't walk, my knee hurts me.",3.340408,"i can't walk, my knee hurts me",0.0
1249120_44273314_109807607.wav,I feel that I can hardly breathe unless I get what's in my lungs out.,3.560087,I feel like I can hardly breathe unless I get what's in my lungs out,0.06666666666666667
1249120_44273314_13390025.wav,I feel pain inside and I cannot identify it.,3.063554,I feel pain inside and I can not identify it,0.2
1249120_44273314_16049788.wav,My chest hurts when I go to take a breath.,3.042904,My chest hurts when I go to take a breath,0.0
1249120_44273314_16303816.wav,"I have a problem in my middle ear, made by infection.",3.333791,i have a problem in my middle ear made by infection,0.0
1249120_44273314_17246181.wav,My throat is so sore,2.768609,My throught is so sore.,0.2
1249120_44273314_18787091.wav,I have a back pain since I turned 17 years old.,3.25148,I have a back pain since I turned 70 years old.,0.09090909090909091
1249120_44273314_21492329.wav,I have a pain in my muscle.,3.132842,I have a pain in my muscle,0.0
1249120_44273314_21942140.wav,"When I drink a lot, I get a headache.",3.13942,"When I drink a lot, I get a headache",0.0
1249120_44273314_24711015.wav,"My heart hurts while I'm set, why?",3.218391,"My heart hurts while I'm sad, why?",0.14285714285714285
1249120_44273314_25005396.wav,Everything looks like being in a smoky area.,3.103294,Everything looks like beeing in a smoky area.,0.125
1249120_44273314_26783687.wav,My knee catches and hurts when I first stand up after sitting.,3.604068,My knee catches and hurts when I first stand up after sitting.,0.0
1249120_44273314_28827187.wav,"My child has cuff all night, she can't sleep.",3.319751,"my child has cough all night, she can't sleep",0.1111111111111111
1249120_44273314_30937230.wav,I think pain in the knee when walking.,2.955274,I feel pain in the knee when walking,0.125
1249120_44273314_31089974.wav,I feel cold when the night comes.,2.987324,I feel cold when the night comes,0.0
1249120_44273314_31545094.wav,The joints in my fingers are painful in the morning.,3.229781,The joints in my fingers are painful in the morning.,0.0
1249120_44273314_32293213.wav,I feel that something is squeezing my lungs.,3.137705,I feel like something is squeezing my lungs.,0.125
1249120_44273314_35569629.wav,I'll have a red rash that is itchy on my skin.,3.146706,I have a red rash that is itchy on my skin,0.09090909090909091
1249120_44273314_38073414.wav,I feel like I fell in hot water.,3.00866,I feel like l fell in hot water,0.125
1249120_44273314_38687390.wav,"When I'm too high, I start to feel dizzy.",3.444324,When I'm too high I start to feel dizzy,0.0
1249120_44273314_40698632.wav,I feel a great amount of pressure on the sides of my neck.,3.317194,I feel a great amount of pressure on the sides of my neck,0.0
1249120_44273314_45479897.wav,I feel hurt in my heart.,3.123405,I feel hurts in my heart,0.16666666666666666
1249120_44273314_45748543.wav,My joints feel swollen.,2.810075,My joints feel swollen,0.0
1249120_44273314_47534753.wav,I cut my foot at the pool and it breaks open every day when I walk to it.,3.684966,I cut my foot at the pool and it breaks open every day when I walk on it.,0.05555555555555555
1249120_44273314_47748885.wav,My body feels weak although I eat a lot. Why?,3.269728,"My body feels weak although I eat a lot, why?",0.0
1249120_44273314_52748628.wav,I feel aching on my insights.,3.050924,I feel aching on my insides.,0.16666666666666666
1249120_44273314_54417923.wav,I'm very worried that I'll go bald soon. Am I very sick?,3.338297,I'm very worried that I'll go bald soon. Am I very sick?,0.0
1249120_44273314_56365443.wav,I have a rash on my skin.,3.018762,I have a rash on my skin,0.0
1249120_44273314_57161236.wav,"I've gone to walk well, I haven't ate in my foot.",3.578126,I can't walk well I have an ache in my foot,0.5454545454545454
1249120_44273314_59068162.wav,I have been like needles in my joints.,3.139413,i have pain like needles in my joints.,0.125
1249120_44273314_67775131.wav,My back hurts a lot when I bend.,3.059231,My back hurts a lot when I bend,0.0
1249120_44273314_68456497.wav,I feel sad.,2.795524,i feel sad,0.0
1249120_44273314_69108455.wav,Have severe colonoscopy.,2.919921,Have severe cold and cough,0.6
1249120_44273314_69242491.wav,My body aches on the inside between my hips and shoulders.,3.308724,My body aches on the inside between my hips and shoulders.,0.0
1249120_44273314_69418683.wav,I feel like I've always got something in my throat.,3.162067,I feel like I've always got something in my throat,0.0
1249120_44273314_70276723.wav,I may have overdone it with the weightlifting because I am afraid I may have torn a muscle on my back.,3.794278,"I may have overdone it with the weightlifting, because I am afraid I may have torn a muscle on my back.",0.0
1249120_44273314_70741506.wav,I'm not just a lot more here coming up than usual when I brush my hair.,3.51628,I notice a lot more hair coming out than usual when I brush my hair,0.3333333333333333
1249120_44273314_71015022.wav,My ankle joint ropes when I put pressure on my foot.,3.12686,My ankle joint throbs when I put pressure on my foot.,0.09090909090909091
1249120_44273314_71205285.wav,"I'm not hearing well, I have problems with my ear.",3.405457,I'm not hearing well I have problem with my ear,0.1
1249120_44273314_72971747.wav,I feel emotionally crushed.,2.949508,I feel emotionally crushed,0.0
1249120_44273314_73290676.wav,My hair always falls out and I've lost a lot of hair lately.,3.31894,My hair always falls out and i have lost a lot of hair lately,0.14285714285714285
1249120_44273314_75699317.wav,I have severe dry cough,2.814228,i have severe dry cough,0.0
1249120_44273314_76070691.wav,"I have my green and I took planner note, but it doesn't help.",3.458714,i have a migrain and i took panadol but it doesn√ït help,0.4166666666666667
1249120_44273314_76615195.wav,My shoulder aches when I try to leave five pounds.,3.101309,My shoulder aches when I try to lift five pounds.,0.1
1249120_44273314_77840631.wav,I wish this excruciating feeling of loss could go away.,3.337233,I wish this excruciating feeling of loss could go away.,0.0
1249120_44273314_84076771.wav,Having difficulty moving my knee.,2.860479,having difficulty moving my knee,0.0
1249120_44273314_84611968.wav,My Nick has been sore since the accident.,3.030036,My neck has been sore since the accident.,0.125
1249120_44273314_87229465.wav,I feel a sharp pain in the stomach after eating.,3.13952,I feel a sharp pain in the stomach after eating,0.0
1249120_44273314_91569607.wav,"There's a sharp pin in my bicep. I have tried to apply pre-in relief cream, but it does not help.",4.05514,There is a sharp pain in my bicep. I have tried to apply pain relief cream but it does not help.,0.19047619047619047
1249120_44273314_93618448.wav,I have a hot pain in my stomach.,3.146017,i have a hard pain in my stomach,0.125
1249120_44273314_94623228.wav,"When I wake up in the morning, I feel dizzy.",3.176755,when i wake up in the morning i feel dizzy,0.0
1249120_44273314_95639193.wav,I hit the ground when trying to shoot a basket board.,3.223316,i hit the ground when trying to shoot a basketball,0.2
1249120_44273314_96055783.wav,My hair is so heavy I can't think normally.,3.134228,My head is so heavy can't think normally,0.25
1249120_44273314_96091387.wav,I feel that there is great pain in my left shoulder.,3.459533,i feel that is great pain in my left shoulder,0.1
1249120_44273314_97771287.wav,My foot has been 18 since last Tuesday.,3.120566,My foot had been aching since last Tuesday.,0.25
1249120_44273314_98448714.wav,"I feel sad, like hurt or pain.",3.046566,I feel sad like hurt or pain,0.0
1249120_44292353_107326859.wav,"I feel dizzy when I step in front of my laptop for an hour or two, what possibly could be the reason.",3.997597,"I feel dizzy when I set in-front of my laptop for an hour or two, what possibly could be the reason?",0.14285714285714285
1249120_44292353_18156280.wav,I am having running doors.,2.891238,I am having running nose,0.2
1249120_44292353_23165570.wav,I feel my heart hurts when I ran for a long distance.,3.223662,I felt my heart hurts when I ran for along distance,0.2727272727272727
1249120_44292353_25313684.wav,Sometimes I feel like a claw on my chest that leaves me breathless.,3.306208,Sometimes I feel like a claw on my chest that leaves me breathless.,0.0
1249120_44292353_25851801.wav,"When I stand up too quickly, I start to feel dizzy and light head.",3.388232,When I stand up too quickly I start to feel dizzy and light-headed,0.15384615384615385
1249120_44292353_31900996.wav,I have mental suffering.,2.754168,I have a mental suffering,0.2
1249120_44292353_38765156.wav,I started taking swimming lessons and I guess I swallowing too much water through my nose because this sinusitis is killing me now,3.825097,"I started taking swimming lessons and I guess I swallowed too much water through my nose, because this sinusitis is killing me now.",0.043478260869565216
1249120_44292353_40076348.wav,"Sometimes when it's cold outside my face hurts, especially around the pimples that are ready to pop.",3.956029,"Sometimes when it is cold outside, my face hurts, especially around the pimples that are ready to pop.",0.1111111111111111
1249120_44292353_47569087.wav,I feel I went to an acupuncture as practice and had a hundred needles in my shoulder.,3.806291,I feel like I went to an acupuncture's practice and had 100 needles in my shoulder,0.3125
1249120_44292353_53318642.wav,My shower drain is full of hair every time.,3.216774,My shower drain is full of hair every time.,0.0
1249120_44292353_53478447.wav,I have a painful cramp in my feet.,3.18969,I have a painful cramp in my feet,0.0
1249120_44292353_62335378.wav,I have eruptions on my face that come and go.,3.296148,I have eruptions on my face that come and go .,0.0
1249120_44292353_67132028.wav,I feel weak all over.,2.901379,I feel weak all over.,0.0
1249120_44292353_69566092.wav,"I love to garden, but I get a terrible twinge in my lower back when I lean over.",3.846473,I love to garden but I get a terrible twinge in my lower back when I lean over.,0.0
1249120_44292353_70288448.wav,"When I raise my hand, I feel pain in my shoulder.",3.397521,when i raise my hand i feel pain in my shoulder.,0.0
1249120_44292353_71029438.wav,"My neck is annoying me, I can't sleep because of it.",3.394972,My neck is annoying me I can't sleep bacause of it,0.09090909090909091
1249120_44292353_79362392.wav,I feel very hard to breathe.,2.92971,I feel very hard to breathe,0.0
1249120_44292353_83240359.wav,I was watching TV and suddenly have blurry vision.,3.141372,i was watching tv and suddenly have blurry vision,0.0
1249120_44292353_95216909.wav,I got injured exercising.,2.871581,I got injured exercising,0.0
1249120_44292353_95558066.wav,I have a great stomach ache and I can't eat anything.,3.302096,I have a great stomach ache and i can't eat any thing,0.16666666666666666
1249120_44294866_102078306.wav,I should have been in my knee cup after working out.,3.218038,I have shooting pain in my kneecap after working out.,0.5
1249120_44294866_102554677.wav,I have written in my face and other problems you made them like itching.,3.498661,I have acne in my face and other problema in my derma like itching,0.35714285714285715
1249120_44294866_102664880.wav,I often get sharpening in my chest and it can tell what I'm doing that might be triggered.,3.93442,I often get a sharp pain in my chest and I can't tell what I'm doing that might be triggering it.,0.3333333333333333
1249120_44294866_103485284.wav,My daughter had her A's Brown 3D and it followed an opponent of skiing in one of her Browns that is enough to sleep and is.,5.132836,My daughter had her eyebrows threaded and it pulled an opening of skin in one of her brows that is now puffy and oozing.,0.4583333333333333
1249120_44294866_103743912.wav,"Yes, and they have a shoulder pain.",3.122271,Yesterday I had a shouder pain,0.8333333333333334
1249120_44294866_103812071.wav,I have a break when I go to the pool.,3.262573,I have a ear ache when I go to the pool,0.18181818181818182
1249120_44294866_104237668.wav,I have the pain in my head.,3.115578,I have a pain in my head,0.14285714285714285
1249120_44294866_104430582.wav,a half of Drawing in my joys,9.065122,I have a throbbing in my joints,0.7142857142857143
1249120_44294866_104890103.wav,I have a hair at the Moscow Bay since I went to the gym.,3.758947,I have a hard muscle pain since i went to the gym,0.4166666666666667
1249120_44294866_105332708.wav,I don't have full range of motion with my arms.,3.411305,I don't have full range of motion with my arms,0.0
1249120_44294866_106050928.wav,"A word that comes out with pneumonia, again breathe easily.",3.406353,"i was diagnosed with pneumonia, i can't breath easily.",0.8888888888888888
1249120_44294866_107429604.wav,"Every time I come, my hair, there are so many hair in my calm.",3.68829,Every time I comb my hair there are so many hair in my comb.,0.14285714285714285
1249120_44294866_13068476.wav,The area around my herd doesn't feel good.,3.281162,The area around my heart doesn't feel good.,0.125
1249120_44294866_14283535.wav,I have started staying as we were in relation to that I guess I was willing to wash water in the front of my nose because this inner side is killing me now.,5.021538,"I started taking swimming lessons and I guess I swallowed too much water through my nose, because this sinusitis is killing me now.",0.8260869565217391
1249120_44294866_15891095.wav,I have shorter pain when I try to carry my groceries.,3.427525,I have shoulder pain when I try to carry my groceries.,0.09090909090909091
1249120_44294866_16718315.wav,I get a knee pain when it walk a lot.,3.351346,I get a knee pain when I walk a lot,0.1
1249120_44294866_18570665.wav,"I have a room, so I'm on my face, that comment go.",3.676629,I have eruptions on my face that come and go .,0.6
1249120_44294866_19000724.wav,"When I stand up too quickly, I start to feel dizzy and right ahead.",3.535388,When I stand up too quickly I start to feel dizzy and light-headed,0.15384615384615385
1249120_44294866_20041027.wav,I am disappointed.,2.946746,i'm disappointed,1.0
1249120_44294866_21761084.wav,I got up and went ahead to eat it.,3.115348,I got acne when I ate chili,1.0
1249120_44294866_23003547.wav,I feel weak all over.,2.958888,I feel weak all over.,0.0
1249120_44294866_29194304.wav,I use what you have about a cup when you get food.,3.210108,I usually have a bad cough when I get flu.,0.8
1249120_44294866_29285051.wav,I am having a really close,3.009673,I am having running nose,0.6
1249120_44294866_30296550.wav,"Decorations and sensation on my heart, leave me radios.",3.377761,The crushing sensation on my heart leaves me breathless.,0.4444444444444444
1249120_44294866_30450066.wav,I have been being when I sit in front of my laptop.,3.444904,I have a neck pain when I sit in-front of my laptop.,0.4166666666666667
1249120_44294866_37364395.wav,Super pain in the upper left side of chest and may have pain to back.,3.540455,severe pain in the upper left side of chest and may have pain to back,0.06666666666666667
1249120_44294866_38949666.wav,file it's Chronicle is quiet like no,21.737791,fell skull is cracked like nuts,0.8333333333333334
1249120_44294866_39510206.wav,"I love to gather, I get a terrible change in my lower back when I alien over.",4.022926,I love to garden but I get a terrible twinge in my lower back when I lean over.,0.2222222222222222
1249120_44294866_43326442.wav,I have a pain in my elbow joint.,3.084866,i have a pain in my elbow joint,0.0
1249120_44294866_49687487.wav,I had an accident and my wound was open when I arrived to hospital.,3.320522,I had an accident and my wound was open when I arrived to hospital,0.0
1249120_44294866_52206190.wav,My shoulder has a great pain.,2.945721,My shoulder has agreat pain,0.4
1249120_44294866_52332577.wav,I don't do anything at home and still I feel exhausted.,3.448036,I don't do anything at home and still I feel exhausted.,0.0
1249120_44294866_52604131.wav,stiffness in ability to look right or left except by moving the whole body.,3.535225,stiffness inability to look right or left except by moving the whole body,0.15384615384615385
1249120_44294866_53414183.wav,"I'm not good, I'm feeling so cold.",3.19,I'm not good i'm feeling so cold,0.0
1249120_44294866_53713877.wav,I've been very hard to pray.,3.076358,I feel very hard to breathe,0.5
1249120_44294866_56914981.wav,My lower back hurt that it improves if I stretch it.,3.159999,My lower back hurts but it improves if I stretch it,0.18181818181818182
1249120_44294866_57205296.wav,I feel a burning sensation in my kids about two hours after age meal.,3.447962,I feel a burning sensation in my guts about 2 hours after each meal.,0.21428571428571427
1249120_44294866_58377113.wav,"Sometimes, when it is called outside, my face hurts, especially around the pimples that are ready to go.",3.716251,"Sometimes when it is cold outside, my face hurts, especially around the pimples that are ready to pop.",0.1111111111111111
1249120_44294866_60643161.wav,They can't stand up or sit down. I have a pain in my back and that's a nice pain.,3.894503,I can't stand up or sit down I have a pain in my back that annoys me,0.35294117647058826
1249120_44294866_61770999.wav,"When I move on my shoulder, being shoot down my arms.",3.314089,"When I move on my shoulder, pain shoots down my arm",0.2727272727272727
1249120_44294866_61858983.wav,I got injury exercise.,9.125288,I got injured exercising,0.5
1249120_44294866_63476113.wav,I was watching to be an excellently half-burder beach.,3.397893,i was watching tv and suddenly have blurry vision,0.6666666666666666
1249120_44294866_63568111.wav,I feel afraid pain in my shoulder when I try to lift something heavy.,3.461923,I feel a great pain in my shoulder when i try to lift something heavy,0.13333333333333333
1249120_44294866_63987415.wav,"When I rise my head, I feel pain in my shoulder.",3.315533,when i raise my hand i feel pain in my shoulder.,0.18181818181818182
1249120_44294866_64368433.wav,I was troubled in my ship and I feel dizzy.,3.260087,i was travelling by ship and i feel dizzy.,0.3333333333333333
1249120_44294866_67568437.wav,my hair isn't too old,3.77158,my hair isn't well,0.5
1249120_44294866_68130365.wav,"They have a big, big, big, big, big, big, big, big, big, big.",4.475776,I have a pain in my stomach,1.5714285714285714
1249120_44294866_69316456.wav,My hair is falling out after I take a shower.,3.379634,My hair is falling out after I take a shower.,0.0
1249120_44294866_72495478.wav,My head hurts when I'm doing this.,3.566238,My head hurts when I'm doing this.,0.0
1249120_44294866_73599319.wav,"When I first my eyes to be you, I have very busy.",3.516545,When I force my eyes to view I have blurry vision.,0.45454545454545453
1249120_44294866_74679338.wav,They have a really stomach ache and they can get into anything.,3.487454,I have a great stomach ache and i can't eat any thing,0.5833333333333334
1249120_44294866_76461050.wav,"My neck is annoying me, I can't sleep because of it.",3.501034,My neck is annoying me I can't sleep bacause of it,0.09090909090909091
1249120_44294866_77416341.wav,"If there were names he is done of my house, he's broken out of fields of coal.",3.783518,The warming system of my house is broken and  feel so cold,1.0833333333333333
1249120_44294866_78490603.wav,My nose is congested all the time and there is this glowy secretion in my throat that make it impossible for me to sleep. I often have to not sit down.,5.014106,My nose is congested all the time and there's this gluey secretion in my throat that makes it impossible for me to sleep. I often have to nap sitting down.,0.2
1249120_44294866_80026823.wav,I felt my heart hurt when I ran for a long distance.,3.741527,I felt my heart hurts when I ran for along distance,0.2727272727272727
1249120_44294866_86233279.wav,"I have a very vision and I can't see any darkness, what is the reason to do?",4.062885,"I have a blurry vision and i can't see in the darkness , what is the reason doctor ?",0.29411764705882354
1249120_44294866_89734541.wav,My entire body is freezing.,3.072922,My entire body is freezing.,0.0
1249120_44294866_90790242.wav,It's at the front and center of God.,3.644805,itch at front and center of scalp,0.42857142857142855
1249120_44294866_90929031.wav,It is like a hot and neat lip position throughout my eye.,3.376304,It is like I have a needle pushing through my heart.,0.7272727272727273
1249120_44294866_92792208.wav,"When I stand up too quickly, I start to feel dizzy and light-shadowed.",3.655568,When I stand up too quickly I start to feel dizzy and light-headed,0.07692307692307693
1249120_44294866_94282612.wav,I have to pain my heart.,2.983652,I have terrible pain in my heart,0.2857142857142857
1249120_44294866_94374240.wav,I feel something hurt me in taking bread and I can't take my bread.,3.84957,I feel something hurt me in taking breath and I cant take my breath,0.14285714285714285
1249120_44294866_96337692.wav,"When he bent over, I get the shooting banged on my back.",3.984728,When I bend over I get a shooting pain down my back,0.4166666666666667
1249120_44294866_98831261.wav,I feel dizzy when I said in front of my laptop for an hour or two what possibly could be the reason.,4.541192,"I feel dizzy when I set in-front of my laptop for an hour or two, what possibly could be the reason?",0.14285714285714285
1249120_44294866_99659302.wav,I feel as earnest in my needs when I walk.,3.549192,I feel a soreness in my knees when I walk,0.3
1249120_44323331_10095808.wav,There he just hopped in my Bikap.,3.338027,There is a sharp pain in my bicep,0.625
1249120_44323331_109641805.wav,As I said in the year,9.785061,Severe pain in the ear,0.8
1249120_44323331_12481133.wav,"I cut my head a couple of weeks ago and even through, I keep using an electricity, it's not getting better.",4.274094,I cut my hand a couple of weeks ago and even though I keep using an antibiotic cream it's not getting better.,0.18181818181818182
1249120_44323331_13821399.wav,There he just happened in my clip.,3.252006,There is a sharp pain in my calve.,0.625
1249120_44323331_14650475.wav,I can hardly breathy.,3.499015,i can hardly breathe,0.25
1249120_44323331_15039513.wav,I get I jump in when I try to bend my leg or my arm.,3.551414,I get i joint pain when i try to bend my leg or my arm,0.13333333333333333
1249120_44323331_15655234.wav,But I remember here I feel down.,4.627436,When I remember her I feel down,0.2857142857142857
1249120_44323331_16235297.wav,"What, I play football, I have joint date.",4.286958,When I play football I have joint pain.,0.25
1249120_44323331_16590901.wav,I feel server reaching in the skin with readiness.,3.553146,I feel severe itching in the skin with redness,0.3333333333333333
1249120_44323331_17693815.wav,"I cannot bark, because, oh, oh, oh, oh, oh.",4.043564,i can't breath because of  Cough,1.1666666666666667
1249120_44323331_18782425.wav,My son got a tattoo several weeks ago and the skin around each recite and hot and it looks invested.,4.34907,My son got a tattoo several weeks ago and the skin around it is raised and hot and it looks infected.,0.19047619047619047
1249120_44323331_20802934.wav,I cannot bear this squishing sensation I have in my chest.,4.279168,I cannot bear this squeezing sensation I have in my chest.,0.09090909090909091
1249120_44323331_22225771.wav,I have it started in my yard.,3.54333,I have a sharp pain in my ear,0.5
1249120_44323331_22949427.wav,I feel pain in my joint after and in your in the last full match I played.,4.707741,I feel pain in my joint after an injury in the last football match I played.,0.25
1249120_44323331_23606264.wav,I too played over will jumping to catch the ball.,3.682434,I toppled over while jumping to catch the ball.,0.3333333333333333
1249120_44323331_23843315.wav,"My son, nice kid, has neck, with an old roger, and that sport has become inflamed and looks like it is, it is, it is, it is.",6.187679,My son nicked his neck with an old razor and that spot has become inflamed and looks like it is infected.,0.5238095238095238
1249120_44323331_24461872.wav,I cannot stop going.,3.396811,I can`t stop coughing.,0.5
1249120_44323331_24602215.wav,"There is pain in my head, I can not be our pain.",3.870565,There is pain in my joints. I can not bear pain,0.2727272727272727
1249120_44323331_25847807.wav,My right shoulder clicks when I move my arm.,3.53653,My right shoulder clicks when I move my arm.,0.0
1249120_44323331_25968681.wav,I have silver sold Artist.,10.202107,I have severe shoulder pain,0.6
1249120_44323331_26313266.wav,"I am over it, how cold, internet, I am, I am allergic, simmering, even out in the sun.",4.845051,"I am worried how cold intolerant I am, I am always shivering, even out in the sun.",0.29411764705882354
1249120_44323331_26386155.wav,My head is spinning when I get up.,3.662617,My head is spinning when I get up.,0.0
1249120_44323331_26408664.wav,The old age still open.,3.318545,The wound is still open,0.4
1249120_44323331_27898617.wav,"I feel dizzy, wherever I stand up.",3.849327,I feel dizzy whenever I stand up.,0.14285714285714285
1249120_44323331_28822792.wav,"All of a Sudan, I feel dizzy when I stood up.",3.61426,All of a sudden I felt dizzy when I stood up.,0.18181818181818182
1249120_44323331_30817447.wav,Read these questions like this. Let's go back. Read in the minute so that I can read. Read classes.,13.975877,red flushes accompanied with itchy,3.8
1249120_44323331_33624071.wav,My body feels awake after my past day in the Z Y.,4.109445,"My body feels weak after my first day in the gym, why?",0.3333333333333333
1249120_44323331_34357709.wav,My old opened up again.,3.188099,My wound opened up again,0.2
1249120_44323331_35285585.wav,I feel a great amount of concern of my head.,3.357379,I feel a great amount of pressure of my head.,0.1
1249120_44323331_38538892.wav,I had a socked in my dog walk.,3.27589,I had a sharp pain in my stomach,0.5
1249120_44323331_42291661.wav,I have a straw filled up it.,10.965828,i have a strong shoulder pain,0.6666666666666666
1249120_44323331_45513911.wav,"I stop it, sports, because I get injury, for sports.",3.819453,I stopped sports because I get Injury from sports,0.3333333333333333
1249120_44323331_47564425.wav,Sanji Kill overseed pig Bird Painful and hot- drove the touch,21.954374,"surgical wounds red, firing pus, painful and hot to the touch",0.5454545454545454
1249120_44323331_51610812.wav,. Denmark,12.007237,Pain in the large neck,1.0
1249120_44323331_53313006.wav,"Broke my ankle, wheel doki, rock, play big in the carpeting.",4.103429,I broke my ankle while doing rock climbing in the Carpathians.,0.5454545454545454
1249120_44323331_54400222.wav,"standing loose, then 5 minutes and my back start to edge.",3.869724,standing less than five minutes and my back start to ache,0.36363636363636365
1249120_44323331_55722581.wav,"When I wake up in the morning, I feel a sorry for my body.",4.713633,When I wake up in the morning I feel a soreness in my body,0.14285714285714285
1249120_44323331_59191528.wav,"I get an air at a, when it is pulled.",4.498494,I get an ear ache when it is cold,0.4444444444444444
1249120_44323331_59510879.wav,"Start paid and, may be EVERYBWeshing!",11.856912,Sharp pain and heavy breathing,1.0
1249120_44323331_61837950.wav,I have been feeling very sad lately.,3.478188,I've been feeling very sad lately,0.3333333333333333
1249120_44323331_63059317.wav,My back huts me a lot.,3.745817,my back hurts me a lot,0.16666666666666666
1249120_44323331_63258394.wav,I have not support on my skin.,3.550731,I have dark spots on my skin,0.2857142857142857
1249120_44323331_63393498.wav,"I have a great pain in my food, like drink pain with relaxing my pain, relief.",3.927274,i have a great pain in my foot like thrombing pain with relaxing my pain releif,0.1875
1249120_44323331_63502960.wav,"It is like they are against and needless, sticking in my judge.",3.772901,Feels like there are pins and needles sticking in my joints,0.5454545454545454
1249120_44323331_66888889.wav,My drugs as a video are eating cold,14.289724,My joints ache whenever it is cold,0.8571428571428571
1249120_44323331_70756728.wav,"It's tender as a kidney toss, but put it a pain each, throat, being, and undevilled.",4.334231,"It started as a tinnitus, but today the pain is throbbing and unbearable.",0.8461538461538461
1249120_44323331_72563945.wav,I feel deep tingling when I touch Sna followed by bad sensation.,4.782383,I feel deep Tingling when I touch Acne followed by bad sensation,0.08333333333333333
1249120_44323331_75046615.wav,"I have a problem in my back, I cannot stand it.",4.972705,i have a problem in my back i cannot extend it,0.09090909090909091
1249120_44323331_77964928.wav,"I never had any SNA problem, even till my last pregnancy, when all of a student, my back got cured in juts",32.449304,"I never had any acne problem until my last pregnancy, when all of a sudden my back got covered in zits.",0.2857142857142857
1249120_44323331_79182023.wav,"Every time I talk a deep breath, I start moving.",5.212557,Every time I take a deep breath I start coughing,0.2
1249120_44323331_81285987.wav,"I feel strong pain in my knee, after it was it during the football match.",4.08397,I feel strong pain in my knee after it was hit during the football match.,0.06666666666666667
1249120_44323331_81893062.wav,I feel pain in my ears with tinnitus.,3.973553,I feel pain in my ears with tinnitus,0.0
1249120_44323331_82659146.wav,When I walk it's hard to breathe.,3.674353,When I walk it's hard to breath.,0.14285714285714285
1249120_44323331_84030889.wav,I feel great then in the head.,3.48875,I feel great pain in the head,0.14285714285714285
1249120_44323331_84928769.wav,I have been in my stomach.,3.834129,I have pain in my stomach,0.16666666666666666
1249120_44323331_86516132.wav,Most of the questions will be correct.,11.338483,There is an injured person,1.4
1249120_44323331_88012031.wav,"It hurts when I easy, my arm up.",3.546377,It hurts when I raise my arm up,0.125
1249120_44323331_89173398.wav,I have an id decert.,14.716331,I have an indigestion,0.5
1249120_44323331_89529293.wav,My hair is really out in Hog Amount.,3.774803,My hair is falling out in huge amount,0.25
1249120_44323331_94962408.wav,I feel pain in my throat.,3.731165,I feel pain in my throat,0.0
1249120_44323331_95219530.wav,I feel pain in my knee.,3.803003,i feel pain in my knee,0.0
1249120_44323331_95281494.wav,I hotse when I did my arm.,3.624349,It hurts when I bent my arm,0.42857142857142855
1249120_44323331_95484507.wav,"I'm sorry, I had you, love. That's me.",8.590143,My son has a lot of acne.,1.1428571428571428
1249120_44323331_95561004.wav,"Go and I go to sleep, I am feeling cold.",6.865454,When I go to sleep I am feeling cold,0.2222222222222222
1249120_44323331_95860925.wav,I made lots and lots of analysis to know the main reason for my stock H.,4.269194,I made lots and lots of analysis to know the main reason for my stomach ache,0.125
1249120_44387284_64093494.wav,"Here I am, I am going to do a lot of things, but I don't know what I'm going to do, but I don't know what I'm going to do, but I don't know what I'm going to do.",6.965525,"i was injured during football match, i was diagnosed with Cruciate ligament",3.0833333333333335
1249120_44415714_12774994.wav,I think this card....,11.032463,I read a book for along time and when I finished reading I feel head ache,0.9375
1249120_44442354_25790660.wav,I have a hair short.,3.7334,I have a hair shortage,0.2
1249120_44442354_52494335.wav,I can hate I'm covering the cup of my anger.,4.092952,I can't get a girlfriend because of my acne.,0.7777777777777778
1249120_44442354_57228239.wav,My skin needs to change.,3.550516,My skin is itching.,0.75
1249120_44442354_96518720.wav,I failed my nails in my elbows and so on.,4.002339,I fell a stiffness in my elbows and shoulders,0.5555555555555556
1249120_44442354_97149231.wav,I'm suffering from shark called a company being fed.,3.914712,I'm suffering from sharp cough Accompanied by  phlegm,0.75
